-- phpMyAdmin SQL Dump
-- version 4.8.5
-- https://www.phpmyadmin.net/
--
-- Servidor: 127.0.0.1:3306
-- Tiempo de generación: 16-08-2023 a las 19:54:36
-- Versión del servidor: 5.7.26
-- Versión de PHP: 7.3.5

SET SQL_MODE = "NO_AUTO_VALUE_ON_ZERO";
SET AUTOCOMMIT = 0;
START TRANSACTION;
SET time_zone = "+00:00";


/*!40101 SET @OLD_CHARACTER_SET_CLIENT=@@CHARACTER_SET_CLIENT */;
/*!40101 SET @OLD_CHARACTER_SET_RESULTS=@@CHARACTER_SET_RESULTS */;
/*!40101 SET @OLD_COLLATION_CONNECTION=@@COLLATION_CONNECTION */;
/*!40101 SET NAMES utf8mb4 */;

--
-- Base de datos: `biblioteca`
--

-- --------------------------------------------------------

--
-- Estructura de tabla para la tabla `biblioteca`
--

DROP TABLE IF EXISTS `biblioteca`;
CREATE TABLE IF NOT EXISTS `biblioteca` (
  `id` int(11) NOT NULL AUTO_INCREMENT,
  `nombre` varchar(100) COLLATE utf8_spanish_ci NOT NULL,
  `direccion` varchar(100) COLLATE utf8_spanish_ci NOT NULL,
  `mail` varchar(100) COLLATE utf8_spanish_ci NOT NULL,
  `nombreContacto` varchar(100) COLLATE utf8_spanish_ci NOT NULL,
  `telContacto` varchar(100) COLLATE utf8_spanish_ci NOT NULL,
  PRIMARY KEY (`id`)
) ENGINE=MyISAM AUTO_INCREMENT=2 DEFAULT CHARSET=utf8 COLLATE=utf8_spanish_ci;

--
-- Volcado de datos para la tabla `biblioteca`
--

INSERT INTO `biblioteca` (`id`, `nombre`, `direccion`, `mail`, `nombreContacto`, `telContacto`) VALUES
(1, 'Biblioteca Popular Florentino Ameghino', '', '', '', '');

-- --------------------------------------------------------

--
-- Estructura de tabla para la tabla `localidades`
--

DROP TABLE IF EXISTS `localidades`;
CREATE TABLE IF NOT EXISTS `localidades` (
  `id` int(11) NOT NULL AUTO_INCREMENT,
  `descripcion` varchar(50) COLLATE utf8_spanish_ci NOT NULL,
  PRIMARY KEY (`id`)
) ENGINE=MyISAM AUTO_INCREMENT=11 DEFAULT CHARSET=utf8 COLLATE=utf8_spanish_ci;

--
-- Volcado de datos para la tabla `localidades`
--

INSERT INTO `localidades` (`id`, `descripcion`) VALUES
(1, 'General Levalle'),
(2, 'La Cautiva'),
(4, 'Laboulaye'),
(5, 'Mackenna'),
(10, 'ZONA RURAL'),
(9, 'Jovita');

-- --------------------------------------------------------

--
-- Estructura de tabla para la tabla `movimientos`
--

DROP TABLE IF EXISTS `movimientos`;
CREATE TABLE IF NOT EXISTS `movimientos` (
  `id` int(11) NOT NULL AUTO_INCREMENT,
  `ReciboCobro` varchar(6) COLLATE utf8_spanish_ci DEFAULT NULL,
  `fecha` date NOT NULL,
  `periodoMes` int(11) DEFAULT NULL,
  `periodoAnio` int(11) DEFAULT NULL,
  `socioId` int(11) DEFAULT NULL,
  `debe` float DEFAULT NULL,
  `haber` float DEFAULT NULL,
  `saldo` float DEFAULT NULL,
  `observaciones` varchar(100) COLLATE utf8_spanish_ci DEFAULT NULL,
  `fechaIngreso` timestamp NOT NULL DEFAULT CURRENT_TIMESTAMP ON UPDATE CURRENT_TIMESTAMP,
  `bibliotecaId` int(11) NOT NULL,
  `usuarioIDCreacionIngreso` int(11) DEFAULT NULL,
  `Eliminado` varchar(2) COLLATE utf8_spanish_ci DEFAULT NULL,
  `usuarioIDEliminacion` int(11) DEFAULT NULL,
  `FechaEliminacion` date DEFAULT NULL,
  `NumeroReciboPagado` int(11) DEFAULT NULL,
  PRIMARY KEY (`id`)
) ENGINE=MyISAM AUTO_INCREMENT=3061 DEFAULT CHARSET=utf8 COLLATE=utf8_spanish_ci;

--
-- Volcado de datos para la tabla `movimientos`
--

INSERT INTO `movimientos` (`id`, `ReciboCobro`, `fecha`, `periodoMes`, `periodoAnio`, `socioId`, `debe`, `haber`, `saldo`, `observaciones`, `fechaIngreso`, `bibliotecaId`, `usuarioIDCreacionIngreso`, `Eliminado`, `usuarioIDEliminacion`, `FechaEliminacion`, `NumeroReciboPagado`) VALUES
(3060, 'cobro', '2023-08-15', 8, 2023, 368, NULL, 700, 0, '', '2023-08-15 19:57:43', 1, NULL, NULL, NULL, NULL, 2912),
(3059, 'cobro', '2023-08-15', 12, 2023, 271, NULL, 700, 0, 'pago todo 2023', '2023-08-15 19:55:18', 1, NULL, NULL, NULL, NULL, 3054),
(3058, 'cobro', '2023-08-15', 11, 2023, 271, NULL, 700, 700, 'pago todo 2023', '2023-08-15 19:50:04', 1, NULL, NULL, NULL, NULL, 3053),
(3057, 'cobro', '2023-08-15', 10, 2023, 271, NULL, 700, 1400, 'pago todo 2023', '2023-08-15 19:49:35', 1, NULL, NULL, NULL, NULL, 3052),
(3056, 'cobro', '2023-08-15', 9, 2023, 271, NULL, 700, 2100, 'pago todo 2023', '2023-08-15 19:49:09', 1, NULL, NULL, NULL, NULL, 3051),
(3055, 'cobro', '2023-08-15', 8, 2023, 271, NULL, 700, 2800, 'pago todo 2023', '2023-08-15 19:48:38', 1, NULL, NULL, NULL, NULL, 2832),
(3054, 'recibo', '2023-08-15', 12, 2023, 271, 700, NULL, 3500, 'pago todo 2023', '2023-08-15 19:47:08', 1, NULL, NULL, NULL, NULL, NULL),
(3053, 'recibo', '2023-08-15', 11, 2023, 271, 700, NULL, 2800, 'pago todo 2023', '2023-08-15 19:46:52', 1, NULL, NULL, NULL, NULL, NULL),
(3052, 'recibo', '2023-08-15', 10, 2023, 271, 700, NULL, 2100, 'pago todo 2023', '2023-08-15 19:46:36', 1, NULL, NULL, NULL, NULL, NULL),
(3051, 'recibo', '2023-08-15', 9, 2023, 271, 700, NULL, 1400, 'pago todo 2023', '2023-08-15 19:46:17', 1, NULL, NULL, NULL, NULL, NULL),
(3050, 'cobro', '2023-08-15', 12, 2023, 342, NULL, 700, 0, 'pago todo 2023', '2023-08-15 19:44:21', 1, NULL, NULL, NULL, NULL, 3044),
(3049, 'cobro', '2023-08-15', 11, 2023, 342, NULL, 700, 700, 'pago todo 2023', '2023-08-15 19:43:39', 1, NULL, NULL, NULL, NULL, 3043),
(3048, 'cobro', '2023-08-15', 10, 2023, 342, NULL, 700, 1400, 'pago todo 2023', '2023-08-15 19:42:47', 1, NULL, NULL, NULL, NULL, 3042),
(3047, 'cobro', '2023-08-15', 10, 2023, 342, NULL, 700, 2100, 'pago todo 2023', '2023-08-15 19:42:20', 1, NULL, NULL, NULL, NULL, 3041),
(3046, 'cobro', '2023-08-15', 9, 2023, 342, NULL, 700, 2800, 'pago todo 2023', '2023-08-15 19:41:51', 1, NULL, NULL, NULL, NULL, 3040),
(3045, 'cobro', '2023-08-15', 8, 2023, 342, NULL, 700, 3500, 'pago todo 2023', '2023-08-15 19:41:25', 1, NULL, NULL, NULL, NULL, 2889),
(3044, 'recibo', '2023-08-15', 12, 2023, 342, 700, NULL, 4200, 'pago todo 2023', '2023-08-15 19:39:59', 1, NULL, NULL, NULL, NULL, NULL),
(3043, 'recibo', '2023-08-15', 11, 2023, 342, 700, NULL, 3500, 'pago todo 2023', '2023-08-15 19:39:10', 1, NULL, NULL, NULL, NULL, NULL),
(3042, 'recibo', '2023-08-15', 10, 2023, 342, 700, NULL, 2800, 'pago todo 2023', '2023-08-15 19:38:55', 1, NULL, NULL, NULL, NULL, NULL),
(3041, 'recibo', '2023-08-15', 10, 2023, 342, 700, NULL, 2100, 'pago todo 2023', '2023-08-15 19:38:38', 1, NULL, NULL, NULL, NULL, NULL),
(3040, 'recibo', '2023-08-15', 9, 2023, 342, 700, NULL, 1400, 'pago todo 2023', '2023-08-15 19:38:18', 1, NULL, NULL, NULL, NULL, NULL),
(3039, 'cobro', '2023-08-15', 12, 2023, 81, NULL, 700, 0, 'pago todo 2023', '2023-08-15 19:36:48', 1, NULL, NULL, NULL, NULL, 3034),
(3038, 'cobro', '2023-08-15', 11, 2023, 81, NULL, 700, 700, 'pago todo 2023', '2023-08-15 19:36:24', 1, NULL, NULL, NULL, NULL, 3033),
(3037, 'cobro', '2023-08-15', 10, 2023, 81, NULL, 700, 1400, 'pago todo 2023', '2023-08-15 19:35:50', 1, NULL, NULL, NULL, NULL, 3032),
(3036, 'cobro', '2023-08-15', 9, 2023, 81, NULL, 700, 2100, 'pago todo 2023', '2023-08-15 19:35:19', 1, NULL, NULL, NULL, NULL, 3031),
(3035, 'cobro', '2023-08-15', 8, 2023, 81, NULL, 700, 2800, 'pago todo 2023', '2023-08-15 19:34:25', 1, NULL, NULL, NULL, NULL, 2687),
(3034, 'recibo', '2023-08-15', 12, 2023, 81, 700, NULL, 3500, 'pago todo 2023', '2023-08-15 19:31:58', 1, NULL, NULL, NULL, NULL, NULL),
(3033, 'recibo', '2023-08-15', 11, 2023, 81, 700, NULL, 2800, 'pago todo 2023', '2023-08-15 19:31:42', 1, NULL, NULL, NULL, NULL, NULL),
(3032, 'recibo', '2023-08-15', 10, 2023, 81, 700, NULL, 2100, 'pago todo 2023', '2023-08-15 19:31:21', 1, NULL, NULL, NULL, NULL, NULL),
(3031, 'recibo', '2023-08-15', 9, 2023, 81, 700, NULL, 1400, 'pago todo 2023', '2023-08-15 19:31:01', 1, NULL, NULL, NULL, NULL, NULL),
(3030, 'cobro', '2023-08-15', 12, 2023, 460, NULL, 2800, 0, 'pago todo 2023', '2023-08-15 19:29:19', 1, NULL, NULL, NULL, NULL, 3029),
(3029, 'recibo', '2023-08-15', 12, 2023, 460, 700, NULL, 2800, 'pago todo 2023', '2023-08-15 19:22:35', 1, NULL, NULL, NULL, NULL, NULL),
(3028, 'recibo', '2023-08-15', 11, 2023, 460, 700, NULL, 2100, 'pago todo 2023', '2023-08-15 19:22:17', 1, NULL, NULL, NULL, NULL, NULL),
(3027, 'recibo', '2023-08-15', 10, 2023, 460, 700, NULL, 1400, 'pago todo 2023', '2023-08-15 19:21:57', 1, NULL, NULL, NULL, NULL, NULL),
(3026, 'recibo', '2023-08-15', 9, 2023, 460, 700, NULL, 700, 'pago todo 2023', '2023-08-15 19:20:53', 1, NULL, NULL, NULL, NULL, NULL),
(3025, 'cobro', '2023-08-15', 12, 2023, 460, NULL, 700, 0, 'pago todo 2023', '2023-08-15 19:19:58', 1, NULL, NULL, NULL, NULL, 0),
(3024, 'cobro', '2023-08-15', 11, 2023, 460, NULL, 700, -700, 'pago todo 2023', '2023-08-15 19:19:28', 1, NULL, NULL, NULL, NULL, 0),
(3023, 'cobro', '2023-08-15', 10, 2023, 460, NULL, 700, 0, 'pago todo 2023', '2023-08-15 19:18:52', 1, NULL, NULL, NULL, NULL, 0),
(3022, 'cobro', '2023-08-15', 8, 2023, 460, NULL, 700, -700, 'pago todo 2023', '2023-08-15 19:17:53', 1, NULL, NULL, NULL, NULL, 0),
(3021, 'cobro', '2023-08-15', 9, 2023, 460, NULL, 700, 0, 'pago todo 2023', '2023-08-15 19:16:48', 1, NULL, NULL, NULL, NULL, 0),
(3020, 'cobro', '2023-08-10', 8, 2023, 499, NULL, 700, 0, '', '2023-08-10 20:59:07', 1, NULL, NULL, NULL, NULL, 2987),
(3019, 'cobro', '2023-08-10', 8, 2023, 247, NULL, 700, 0, '', '2023-08-10 20:58:27', 1, NULL, NULL, NULL, NULL, 2811),
(3018, 'cobro', '2023-08-10', 8, 2023, 302, NULL, 700, 0, '', '2023-08-10 20:57:54', 1, NULL, NULL, NULL, NULL, 2854),
(3017, 'cobro', '2023-08-10', 8, 2023, 140, NULL, 700, 0, '', '2023-08-10 20:57:12', 1, NULL, NULL, NULL, NULL, 2736),
(3016, 'recibo', '2023-08-09', 8, 2023, 79, 700, NULL, 700, '', '2023-08-09 21:44:25', 1, NULL, NULL, NULL, NULL, NULL),
(3015, 'recibo', '2023-08-04', 8, 2023, 550, 700, NULL, 700, '', '2023-08-04 20:33:05', 1, NULL, NULL, NULL, NULL, NULL),
(3014, 'recibo', '2023-08-04', 8, 2023, 549, 700, NULL, 700, '', '2023-08-04 20:33:05', 1, NULL, NULL, NULL, NULL, NULL),
(3013, 'recibo', '2023-08-04', 8, 2023, 548, 700, NULL, 700, '', '2023-08-04 20:33:05', 1, NULL, NULL, NULL, NULL, NULL),
(3012, 'recibo', '2023-08-04', 8, 2023, 547, 700, NULL, 700, '', '2023-08-04 20:33:05', 1, NULL, NULL, NULL, NULL, NULL),
(3011, 'recibo', '2023-08-04', 8, 2023, 546, 700, NULL, 700, '', '2023-08-04 20:33:05', 1, NULL, NULL, NULL, NULL, NULL),
(3010, 'recibo', '2023-08-04', 8, 2023, 545, 700, NULL, 700, '', '2023-08-04 20:33:05', 1, NULL, NULL, NULL, NULL, NULL),
(3009, 'recibo', '2023-08-04', 8, 2023, 544, 700, NULL, 700, '', '2023-08-04 20:33:05', 1, NULL, NULL, NULL, NULL, NULL),
(3008, 'recibo', '2023-08-04', 8, 2023, 543, 700, NULL, 700, '', '2023-08-04 20:33:05', 1, NULL, NULL, NULL, NULL, NULL),
(3007, 'recibo', '2023-08-04', 8, 2023, 524, 700, NULL, 700, '', '2023-08-04 20:33:05', 1, NULL, NULL, NULL, NULL, NULL),
(3006, 'recibo', '2023-08-04', 8, 2023, 523, 700, NULL, 700, '', '2023-08-04 20:33:05', 1, NULL, NULL, NULL, NULL, NULL),
(3005, 'recibo', '2023-08-04', 8, 2023, 521, 700, NULL, 700, '', '2023-08-04 20:33:05', 1, NULL, NULL, NULL, NULL, NULL),
(3004, 'recibo', '2023-08-04', 8, 2023, 520, 700, NULL, 700, '', '2023-08-04 20:33:05', 1, NULL, NULL, NULL, NULL, NULL),
(3003, 'recibo', '2023-08-04', 8, 2023, 519, 700, NULL, 700, '', '2023-08-04 20:33:05', 1, NULL, NULL, NULL, NULL, NULL),
(3002, 'recibo', '2023-08-04', 8, 2023, 518, 700, NULL, 700, '', '2023-08-04 20:33:05', 1, NULL, NULL, NULL, NULL, NULL),
(3001, 'recibo', '2023-08-04', 8, 2023, 516, 700, NULL, 700, '', '2023-08-04 20:33:05', 1, NULL, NULL, NULL, NULL, NULL),
(3000, 'recibo', '2023-08-04', 8, 2023, 515, 700, NULL, 700, '', '2023-08-04 20:33:05', 1, NULL, NULL, NULL, NULL, NULL),
(2999, 'recibo', '2023-08-04', 8, 2023, 514, 700, NULL, 700, '', '2023-08-04 20:33:05', 1, NULL, NULL, NULL, NULL, NULL),
(2998, 'recibo', '2023-08-04', 8, 2023, 513, 700, NULL, 700, '', '2023-08-04 20:33:05', 1, NULL, NULL, NULL, NULL, NULL),
(2997, 'recibo', '2023-08-04', 8, 2023, 511, 700, NULL, 700, '', '2023-08-04 20:33:05', 1, NULL, NULL, NULL, NULL, NULL),
(2996, 'recibo', '2023-08-04', 8, 2023, 510, 700, NULL, 700, '', '2023-08-04 20:33:05', 1, NULL, NULL, NULL, NULL, NULL),
(2995, 'recibo', '2023-08-04', 8, 2023, 509, 700, NULL, 700, '', '2023-08-04 20:33:05', 1, NULL, NULL, NULL, NULL, NULL),
(2994, 'recibo', '2023-08-04', 8, 2023, 508, 700, NULL, 700, '', '2023-08-04 20:33:05', 1, NULL, NULL, NULL, NULL, NULL),
(2993, 'recibo', '2023-08-04', 8, 2023, 542, 700, NULL, 700, '', '2023-08-04 20:33:05', 1, NULL, NULL, NULL, NULL, NULL),
(2992, 'recibo', '2023-08-04', 8, 2023, 505, 700, NULL, 700, '', '2023-08-04 20:33:05', 1, NULL, NULL, NULL, NULL, NULL),
(2991, 'recibo', '2023-08-04', 8, 2023, 504, 700, NULL, 700, '', '2023-08-04 20:33:05', 1, NULL, NULL, NULL, NULL, NULL),
(2990, 'recibo', '2023-08-04', 8, 2023, 503, 700, NULL, 700, '', '2023-08-04 20:33:05', 1, NULL, NULL, NULL, NULL, NULL),
(2989, 'recibo', '2023-08-04', 8, 2023, 502, 700, NULL, 700, '', '2023-08-04 20:33:05', 1, NULL, NULL, NULL, NULL, NULL),
(2988, 'recibo', '2023-08-04', 8, 2023, 501, 700, NULL, 700, '', '2023-08-04 20:33:05', 1, NULL, NULL, NULL, NULL, NULL),
(2987, 'recibo', '2023-08-04', 8, 2023, 499, 700, NULL, 700, '', '2023-08-04 20:33:05', 1, NULL, NULL, NULL, NULL, NULL),
(2986, 'recibo', '2023-08-04', 8, 2023, 497, 700, NULL, 700, '', '2023-08-04 20:33:05', 1, NULL, NULL, NULL, NULL, NULL),
(2985, 'recibo', '2023-08-04', 8, 2023, 496, 700, NULL, 700, '', '2023-08-04 20:33:05', 1, NULL, NULL, NULL, NULL, NULL),
(2984, 'recibo', '2023-08-04', 8, 2023, 495, 700, NULL, 700, '', '2023-08-04 20:33:05', 1, NULL, NULL, NULL, NULL, NULL),
(2983, 'recibo', '2023-08-04', 8, 2023, 494, 700, NULL, 700, '', '2023-08-04 20:33:05', 1, NULL, NULL, NULL, NULL, NULL),
(2982, 'recibo', '2023-08-04', 8, 2023, 493, 700, NULL, 700, '', '2023-08-04 20:33:05', 1, NULL, NULL, NULL, NULL, NULL),
(2981, 'recibo', '2023-08-04', 8, 2023, 492, 700, NULL, 700, '', '2023-08-04 20:33:05', 1, NULL, NULL, NULL, NULL, NULL),
(2980, 'recibo', '2023-08-04', 8, 2023, 491, 700, NULL, 700, '', '2023-08-04 20:33:05', 1, NULL, NULL, NULL, NULL, NULL),
(2979, 'recibo', '2023-08-04', 8, 2023, 490, 700, NULL, 700, '', '2023-08-04 20:33:05', 1, NULL, NULL, NULL, NULL, NULL),
(2978, 'recibo', '2023-08-04', 8, 2023, 489, 700, NULL, 700, '', '2023-08-04 20:33:05', 1, NULL, NULL, NULL, NULL, NULL),
(2977, 'recibo', '2023-08-04', 8, 2023, 488, 700, NULL, 700, '', '2023-08-04 20:33:05', 1, NULL, NULL, NULL, NULL, NULL),
(2976, 'recibo', '2023-08-04', 8, 2023, 486, 700, NULL, 700, '', '2023-08-04 20:33:05', 1, NULL, NULL, NULL, NULL, NULL),
(2975, 'recibo', '2023-08-04', 8, 2023, 485, 700, NULL, 700, '', '2023-08-04 20:33:05', 1, NULL, NULL, NULL, NULL, NULL),
(2974, 'recibo', '2023-08-04', 8, 2023, 484, 700, NULL, 700, '', '2023-08-04 20:33:05', 1, NULL, NULL, NULL, NULL, NULL),
(2973, 'recibo', '2023-08-04', 8, 2023, 479, 700, NULL, 700, '', '2023-08-04 20:33:05', 1, NULL, NULL, NULL, NULL, NULL),
(2972, 'recibo', '2023-08-04', 8, 2023, 472, 700, NULL, 700, '', '2023-08-04 20:33:05', 1, NULL, NULL, NULL, NULL, NULL),
(2971, 'recibo', '2023-08-04', 8, 2023, 478, 700, NULL, 700, '', '2023-08-04 20:33:05', 1, NULL, NULL, NULL, NULL, NULL),
(2970, 'recibo', '2023-08-04', 8, 2023, 469, 700, NULL, 700, '', '2023-08-04 20:33:05', 1, NULL, NULL, NULL, NULL, NULL),
(2969, 'recibo', '2023-08-04', 8, 2023, 468, 700, NULL, 700, '', '2023-08-04 20:33:05', 1, NULL, NULL, NULL, NULL, NULL),
(2968, 'recibo', '2023-08-04', 8, 2023, 539, 700, NULL, 700, '', '2023-08-04 20:33:05', 1, NULL, NULL, NULL, NULL, NULL),
(2967, 'recibo', '2023-08-04', 8, 2023, 465, 700, NULL, 700, '', '2023-08-04 20:33:05', 1, NULL, NULL, NULL, NULL, NULL),
(2966, 'recibo', '2023-08-04', 8, 2023, 464, 700, NULL, 700, '', '2023-08-04 20:33:05', 1, NULL, NULL, NULL, NULL, NULL),
(2965, 'recibo', '2023-08-04', 8, 2023, 462, 700, NULL, 700, '', '2023-08-04 20:33:05', 1, NULL, NULL, NULL, NULL, NULL),
(2964, 'recibo', '2023-08-04', 8, 2023, 461, 700, NULL, 700, '', '2023-08-04 20:33:05', 1, NULL, NULL, NULL, NULL, NULL),
(2963, 'recibo', '2023-08-04', 8, 2023, 460, 700, NULL, 700, '', '2023-08-04 20:33:05', 1, NULL, NULL, NULL, NULL, NULL),
(2962, 'recibo', '2023-08-04', 8, 2023, 458, 700, NULL, 700, '', '2023-08-04 20:33:05', 1, NULL, NULL, NULL, NULL, NULL),
(2961, 'recibo', '2023-08-04', 8, 2023, 454, 700, NULL, 700, '', '2023-08-04 20:33:05', 1, NULL, NULL, NULL, NULL, NULL),
(2960, 'recibo', '2023-08-04', 8, 2023, 551, 700, NULL, 700, '', '2023-08-04 20:33:05', 1, NULL, NULL, NULL, NULL, NULL),
(2959, 'recibo', '2023-08-04', 8, 2023, 449, 700, NULL, 700, '', '2023-08-04 20:33:05', 1, NULL, NULL, NULL, NULL, NULL),
(2958, 'recibo', '2023-08-04', 8, 2023, 448, 700, NULL, 700, '', '2023-08-04 20:33:05', 1, NULL, NULL, NULL, NULL, NULL),
(2957, 'recibo', '2023-08-04', 8, 2023, 443, 700, NULL, 700, '', '2023-08-04 20:33:05', 1, NULL, NULL, NULL, NULL, NULL),
(2956, 'recibo', '2023-08-04', 8, 2023, 532, 700, NULL, 700, '', '2023-08-04 20:33:05', 1, NULL, NULL, NULL, NULL, NULL),
(2955, 'recibo', '2023-08-04', 8, 2023, 441, 700, NULL, 700, '', '2023-08-04 20:33:05', 1, NULL, NULL, NULL, NULL, NULL),
(2954, 'recibo', '2023-08-04', 8, 2023, 439, 700, NULL, 700, '', '2023-08-04 20:33:05', 1, NULL, NULL, NULL, NULL, NULL),
(2953, 'recibo', '2023-08-04', 8, 2023, 438, 700, NULL, 700, '', '2023-08-04 20:33:05', 1, NULL, NULL, NULL, NULL, NULL),
(2952, 'recibo', '2023-08-04', 8, 2023, 437, 700, NULL, 700, '', '2023-08-04 20:33:05', 1, NULL, NULL, NULL, NULL, NULL),
(2951, 'recibo', '2023-08-04', 8, 2023, 434, 700, NULL, 700, '', '2023-08-04 20:33:05', 1, NULL, NULL, NULL, NULL, NULL),
(2950, 'recibo', '2023-08-04', 8, 2023, 433, 700, NULL, 700, '', '2023-08-04 20:33:05', 1, NULL, NULL, NULL, NULL, NULL),
(2949, 'recibo', '2023-08-04', 8, 2023, 432, 700, NULL, 700, '', '2023-08-04 20:33:05', 1, NULL, NULL, NULL, NULL, NULL),
(2948, 'recibo', '2023-08-04', 8, 2023, 431, 700, NULL, 700, '', '2023-08-04 20:33:05', 1, NULL, NULL, NULL, NULL, NULL),
(2947, 'recibo', '2023-08-04', 8, 2023, 430, 700, NULL, 700, '', '2023-08-04 20:33:05', 1, NULL, NULL, NULL, NULL, NULL),
(2946, 'recibo', '2023-08-04', 8, 2023, 429, 700, NULL, 700, '', '2023-08-04 20:33:05', 1, NULL, NULL, NULL, NULL, NULL),
(2945, 'recibo', '2023-08-04', 8, 2023, 426, 700, NULL, 700, '', '2023-08-04 20:33:05', 1, NULL, NULL, NULL, NULL, NULL),
(2944, 'recibo', '2023-08-04', 8, 2023, 424, 700, NULL, 700, '', '2023-08-04 20:33:05', 1, NULL, NULL, NULL, NULL, NULL),
(2943, 'recibo', '2023-08-04', 8, 2023, 529, 700, NULL, 700, '', '2023-08-04 20:33:05', 1, NULL, NULL, NULL, NULL, NULL),
(2942, 'recibo', '2023-08-04', 8, 2023, 528, 700, NULL, 700, '', '2023-08-04 20:33:05', 1, NULL, NULL, NULL, NULL, NULL),
(2941, 'recibo', '2023-08-04', 8, 2023, 416, 700, NULL, 700, '', '2023-08-04 20:33:05', 1, NULL, NULL, NULL, NULL, NULL),
(2940, 'recibo', '2023-08-04', 8, 2023, 415, 700, NULL, 700, '', '2023-08-04 20:33:05', 1, NULL, NULL, NULL, NULL, NULL),
(2939, 'recibo', '2023-08-04', 8, 2023, 412, 700, NULL, 700, '', '2023-08-04 20:33:05', 1, NULL, NULL, NULL, NULL, NULL),
(2938, 'recibo', '2023-08-04', 8, 2023, 411, 700, NULL, 700, '', '2023-08-04 20:33:05', 1, NULL, NULL, NULL, NULL, NULL),
(2937, 'recibo', '2023-08-04', 8, 2023, 533, 700, NULL, 700, '', '2023-08-04 20:33:05', 1, NULL, NULL, NULL, NULL, NULL),
(2936, 'recibo', '2023-08-04', 8, 2023, 406, 700, NULL, 700, '', '2023-08-04 20:33:05', 1, NULL, NULL, NULL, NULL, NULL),
(2935, 'recibo', '2023-08-04', 8, 2023, 404, 700, NULL, 700, '', '2023-08-04 20:33:05', 1, NULL, NULL, NULL, NULL, NULL),
(2934, 'recibo', '2023-08-04', 8, 2023, 403, 700, NULL, 700, '', '2023-08-04 20:33:05', 1, NULL, NULL, NULL, NULL, NULL),
(2933, 'recibo', '2023-08-04', 8, 2023, 401, 700, NULL, 700, '', '2023-08-04 20:33:05', 1, NULL, NULL, NULL, NULL, NULL),
(2932, 'recibo', '2023-08-04', 8, 2023, 398, 700, NULL, 700, '', '2023-08-04 20:33:05', 1, NULL, NULL, NULL, NULL, NULL),
(2931, 'recibo', '2023-08-04', 8, 2023, 396, 700, NULL, 700, '', '2023-08-04 20:33:05', 1, NULL, NULL, NULL, NULL, NULL),
(2930, 'recibo', '2023-08-04', 8, 2023, 531, 700, NULL, 700, '', '2023-08-04 20:33:05', 1, NULL, NULL, NULL, NULL, NULL),
(2929, 'recibo', '2023-08-04', 8, 2023, 392, 700, NULL, 700, '', '2023-08-04 20:33:05', 1, NULL, NULL, NULL, NULL, NULL),
(2928, 'recibo', '2023-08-04', 8, 2023, 390, 700, NULL, 700, '', '2023-08-04 20:33:05', 1, NULL, NULL, NULL, NULL, NULL),
(2927, 'recibo', '2023-08-04', 8, 2023, 389, 700, NULL, 700, '', '2023-08-04 20:33:05', 1, NULL, NULL, NULL, NULL, NULL),
(2926, 'recibo', '2023-08-04', 8, 2023, 388, 700, NULL, 700, '', '2023-08-04 20:33:05', 1, NULL, NULL, NULL, NULL, NULL),
(2925, 'recibo', '2023-08-04', 8, 2023, 526, 700, NULL, 700, '', '2023-08-04 20:33:05', 1, NULL, NULL, NULL, NULL, NULL),
(2924, 'recibo', '2023-08-04', 8, 2023, 385, 700, NULL, 700, '', '2023-08-04 20:33:05', 1, NULL, NULL, NULL, NULL, NULL),
(2923, 'recibo', '2023-08-04', 8, 2023, 382, 700, NULL, 700, '', '2023-08-04 20:33:05', 1, NULL, NULL, NULL, NULL, NULL),
(2922, 'recibo', '2023-08-04', 8, 2023, 380, 700, NULL, 700, '', '2023-08-04 20:33:05', 1, NULL, NULL, NULL, NULL, NULL),
(2921, 'recibo', '2023-08-04', 8, 2023, 379, 700, NULL, 700, '', '2023-08-04 20:33:05', 1, NULL, NULL, NULL, NULL, NULL),
(2920, 'recibo', '2023-08-04', 8, 2023, 378, 700, NULL, 700, '', '2023-08-04 20:33:05', 1, NULL, NULL, NULL, NULL, NULL),
(2919, 'recibo', '2023-08-04', 8, 2023, 377, 700, NULL, 700, '', '2023-08-04 20:33:05', 1, NULL, NULL, NULL, NULL, NULL),
(2918, 'recibo', '2023-08-04', 8, 2023, 375, 700, NULL, 700, '', '2023-08-04 20:33:05', 1, NULL, NULL, NULL, NULL, NULL),
(2917, 'recibo', '2023-08-04', 8, 2023, 373, 700, NULL, 700, '', '2023-08-04 20:33:05', 1, NULL, NULL, NULL, NULL, NULL),
(2916, 'recibo', '2023-08-04', 8, 2023, 372, 700, NULL, 700, '', '2023-08-04 20:33:05', 1, NULL, NULL, NULL, NULL, NULL),
(2915, 'recibo', '2023-08-04', 8, 2023, 371, 700, NULL, 700, '', '2023-08-04 20:33:05', 1, NULL, NULL, NULL, NULL, NULL),
(2914, 'recibo', '2023-08-04', 8, 2023, 370, 700, NULL, 700, '', '2023-08-04 20:33:05', 1, NULL, NULL, NULL, NULL, NULL),
(2913, 'recibo', '2023-08-04', 8, 2023, 369, 700, NULL, 700, '', '2023-08-04 20:33:05', 1, NULL, NULL, NULL, NULL, NULL),
(2912, 'recibo', '2023-08-04', 8, 2023, 368, 700, NULL, 700, '', '2023-08-04 20:33:05', 1, NULL, NULL, NULL, NULL, NULL),
(2911, 'recibo', '2023-08-04', 8, 2023, 367, 700, NULL, 700, '', '2023-08-04 20:33:05', 1, NULL, NULL, NULL, NULL, NULL),
(2910, 'recibo', '2023-08-04', 8, 2023, 366, 700, NULL, 700, '', '2023-08-04 20:33:05', 1, NULL, NULL, NULL, NULL, NULL),
(2909, 'recibo', '2023-08-04', 8, 2023, 365, 700, NULL, 700, '', '2023-08-04 20:33:05', 1, NULL, NULL, NULL, NULL, NULL),
(2908, 'recibo', '2023-08-04', 8, 2023, 364, 700, NULL, 700, '', '2023-08-04 20:33:05', 1, NULL, NULL, NULL, NULL, NULL),
(2907, 'recibo', '2023-08-04', 8, 2023, 363, 700, NULL, 700, '', '2023-08-04 20:33:05', 1, NULL, NULL, NULL, NULL, NULL),
(2906, 'recibo', '2023-08-04', 8, 2023, 362, 700, NULL, 700, '', '2023-08-04 20:33:05', 1, NULL, NULL, NULL, NULL, NULL),
(2905, 'recibo', '2023-08-04', 8, 2023, 361, 700, NULL, 700, '', '2023-08-04 20:33:05', 1, NULL, NULL, NULL, NULL, NULL),
(2904, 'recibo', '2023-08-04', 8, 2023, 358, 700, NULL, 700, '', '2023-08-04 20:33:05', 1, NULL, NULL, NULL, NULL, NULL),
(2903, 'recibo', '2023-08-04', 8, 2023, 357, 700, NULL, 700, '', '2023-08-04 20:33:05', 1, NULL, NULL, NULL, NULL, NULL),
(2902, 'recibo', '2023-08-04', 8, 2023, 356, 700, NULL, 700, '', '2023-08-04 20:33:05', 1, NULL, NULL, NULL, NULL, NULL),
(2901, 'recibo', '2023-08-04', 8, 2023, 355, 700, NULL, 700, '', '2023-08-04 20:33:05', 1, NULL, NULL, NULL, NULL, NULL),
(2900, 'recibo', '2023-08-04', 8, 2023, 354, 700, NULL, 700, '', '2023-08-04 20:33:05', 1, NULL, NULL, NULL, NULL, NULL),
(2899, 'recibo', '2023-08-04', 8, 2023, 353, 700, NULL, 700, '', '2023-08-04 20:33:05', 1, NULL, NULL, NULL, NULL, NULL),
(2898, 'recibo', '2023-08-04', 8, 2023, 352, 700, NULL, 700, '', '2023-08-04 20:33:05', 1, NULL, NULL, NULL, NULL, NULL),
(2897, 'recibo', '2023-08-04', 8, 2023, 351, 700, NULL, 700, '', '2023-08-04 20:33:05', 1, NULL, NULL, NULL, NULL, NULL),
(2896, 'recibo', '2023-08-04', 8, 2023, 350, 700, NULL, 700, '', '2023-08-04 20:33:05', 1, NULL, NULL, NULL, NULL, NULL),
(2895, 'recibo', '2023-08-04', 8, 2023, 349, 700, NULL, 700, '', '2023-08-04 20:33:05', 1, NULL, NULL, NULL, NULL, NULL),
(2894, 'recibo', '2023-08-04', 8, 2023, 348, 700, NULL, 700, '', '2023-08-04 20:33:05', 1, NULL, NULL, NULL, NULL, NULL),
(2893, 'recibo', '2023-08-04', 8, 2023, 347, 700, NULL, 700, '', '2023-08-04 20:33:05', 1, NULL, NULL, NULL, NULL, NULL),
(2892, 'recibo', '2023-08-04', 8, 2023, 346, 700, NULL, 700, '', '2023-08-04 20:33:05', 1, NULL, NULL, NULL, NULL, NULL),
(2891, 'recibo', '2023-08-04', 8, 2023, 344, 700, NULL, 700, '', '2023-08-04 20:33:05', 1, NULL, NULL, NULL, NULL, NULL),
(2890, 'recibo', '2023-08-04', 8, 2023, 343, 700, NULL, 700, '', '2023-08-04 20:33:05', 1, NULL, NULL, NULL, NULL, NULL),
(2889, 'recibo', '2023-08-04', 8, 2023, 342, 700, NULL, 700, '', '2023-08-04 20:33:05', 1, NULL, NULL, NULL, NULL, NULL),
(2888, 'recibo', '2023-08-04', 8, 2023, 341, 700, NULL, 700, '', '2023-08-04 20:33:05', 1, NULL, NULL, NULL, NULL, NULL),
(2887, 'recibo', '2023-08-04', 8, 2023, 340, 700, NULL, 700, '', '2023-08-04 20:33:05', 1, NULL, NULL, NULL, NULL, NULL),
(2886, 'recibo', '2023-08-04', 8, 2023, 339, 700, NULL, 700, '', '2023-08-04 20:33:05', 1, NULL, NULL, NULL, NULL, NULL),
(2885, 'recibo', '2023-08-04', 8, 2023, 338, 700, NULL, 700, '', '2023-08-04 20:33:05', 1, NULL, NULL, NULL, NULL, NULL),
(2884, 'recibo', '2023-08-04', 8, 2023, 337, 700, NULL, 700, '', '2023-08-04 20:33:05', 1, NULL, NULL, NULL, NULL, NULL),
(2883, 'recibo', '2023-08-04', 8, 2023, 336, 700, NULL, 700, '', '2023-08-04 20:33:05', 1, NULL, NULL, NULL, NULL, NULL),
(2882, 'recibo', '2023-08-04', 8, 2023, 335, 700, NULL, 700, '', '2023-08-04 20:33:05', 1, NULL, NULL, NULL, NULL, NULL),
(2881, 'recibo', '2023-08-04', 8, 2023, 334, 700, NULL, 700, '', '2023-08-04 20:33:05', 1, NULL, NULL, NULL, NULL, NULL),
(2880, 'recibo', '2023-08-04', 8, 2023, 333, 700, NULL, 700, '', '2023-08-04 20:33:05', 1, NULL, NULL, NULL, NULL, NULL),
(2879, 'recibo', '2023-08-04', 8, 2023, 331, 700, NULL, 700, '', '2023-08-04 20:33:05', 1, NULL, NULL, NULL, NULL, NULL),
(2878, 'recibo', '2023-08-04', 8, 2023, 329, 700, NULL, 700, '', '2023-08-04 20:33:05', 1, NULL, NULL, NULL, NULL, NULL),
(2877, 'recibo', '2023-08-04', 8, 2023, 328, 700, NULL, 700, '', '2023-08-04 20:33:05', 1, NULL, NULL, NULL, NULL, NULL),
(2876, 'recibo', '2023-08-04', 8, 2023, 327, 700, NULL, 700, '', '2023-08-04 20:33:05', 1, NULL, NULL, NULL, NULL, NULL),
(2875, 'recibo', '2023-08-04', 8, 2023, 326, 700, NULL, 700, '', '2023-08-04 20:33:05', 1, NULL, NULL, NULL, NULL, NULL),
(2874, 'recibo', '2023-08-04', 8, 2023, 552, 700, NULL, 700, '', '2023-08-04 20:33:05', 1, NULL, NULL, NULL, NULL, NULL),
(2873, 'recibo', '2023-08-04', 8, 2023, 324, 700, NULL, 700, '', '2023-08-04 20:33:05', 1, NULL, NULL, NULL, NULL, NULL),
(2872, 'recibo', '2023-08-04', 8, 2023, 323, 700, NULL, 700, '', '2023-08-04 20:33:05', 1, NULL, NULL, NULL, NULL, NULL),
(2871, 'recibo', '2023-08-04', 8, 2023, 322, 700, NULL, 700, '', '2023-08-04 20:33:05', 1, NULL, NULL, NULL, NULL, NULL),
(2870, 'recibo', '2023-08-04', 8, 2023, 321, 700, NULL, 700, '', '2023-08-04 20:33:05', 1, NULL, NULL, NULL, NULL, NULL),
(2869, 'recibo', '2023-08-04', 8, 2023, 320, 700, NULL, 700, '', '2023-08-04 20:33:05', 1, NULL, NULL, NULL, NULL, NULL),
(2868, 'recibo', '2023-08-04', 8, 2023, 318, 700, NULL, 700, '', '2023-08-04 20:33:05', 1, NULL, NULL, NULL, NULL, NULL),
(2867, 'recibo', '2023-08-04', 8, 2023, 317, 700, NULL, 700, '', '2023-08-04 20:33:05', 1, NULL, NULL, NULL, NULL, NULL),
(2866, 'recibo', '2023-08-04', 8, 2023, 316, 700, NULL, 700, '', '2023-08-04 20:33:05', 1, NULL, NULL, NULL, NULL, NULL),
(2865, 'recibo', '2023-08-04', 8, 2023, 315, 700, NULL, 700, '', '2023-08-04 20:33:05', 1, NULL, NULL, NULL, NULL, NULL),
(2864, 'recibo', '2023-08-04', 8, 2023, 314, 700, NULL, 700, '', '2023-08-04 20:33:05', 1, NULL, NULL, NULL, NULL, NULL),
(2863, 'recibo', '2023-08-04', 8, 2023, 313, 700, NULL, 700, '', '2023-08-04 20:33:05', 1, NULL, NULL, NULL, NULL, NULL),
(2862, 'recibo', '2023-08-04', 8, 2023, 312, 700, NULL, 700, '', '2023-08-04 20:33:05', 1, NULL, NULL, NULL, NULL, NULL),
(2861, 'recibo', '2023-08-04', 8, 2023, 311, 700, NULL, 700, '', '2023-08-04 20:33:05', 1, NULL, NULL, NULL, NULL, NULL),
(2860, 'recibo', '2023-08-04', 8, 2023, 310, 700, NULL, 700, '', '2023-08-04 20:33:05', 1, NULL, NULL, NULL, NULL, NULL),
(2859, 'recibo', '2023-08-04', 8, 2023, 308, 700, NULL, 700, '', '2023-08-04 20:33:05', 1, NULL, NULL, NULL, NULL, NULL),
(2858, 'recibo', '2023-08-04', 8, 2023, 306, 700, NULL, 700, '', '2023-08-04 20:33:05', 1, NULL, NULL, NULL, NULL, NULL),
(2857, 'recibo', '2023-08-04', 8, 2023, 305, 700, NULL, 700, '', '2023-08-04 20:33:05', 1, NULL, NULL, NULL, NULL, NULL),
(2856, 'recibo', '2023-08-04', 8, 2023, 304, 700, NULL, 700, '', '2023-08-04 20:33:05', 1, NULL, NULL, NULL, NULL, NULL),
(2855, 'recibo', '2023-08-04', 8, 2023, 303, 700, NULL, 700, '', '2023-08-04 20:33:05', 1, NULL, NULL, NULL, NULL, NULL),
(2854, 'recibo', '2023-08-04', 8, 2023, 302, 700, NULL, 700, '', '2023-08-04 20:33:05', 1, NULL, NULL, NULL, NULL, NULL),
(2853, 'recibo', '2023-08-04', 8, 2023, 301, 700, NULL, 700, '', '2023-08-04 20:33:05', 1, NULL, NULL, NULL, NULL, NULL),
(2852, 'recibo', '2023-08-04', 8, 2023, 300, 700, NULL, 700, '', '2023-08-04 20:33:05', 1, NULL, NULL, NULL, NULL, NULL),
(2851, 'recibo', '2023-08-04', 8, 2023, 299, 700, NULL, 700, '', '2023-08-04 20:33:05', 1, NULL, NULL, NULL, NULL, NULL),
(2850, 'recibo', '2023-08-04', 8, 2023, 297, 700, NULL, 700, '', '2023-08-04 20:33:05', 1, NULL, NULL, NULL, NULL, NULL),
(2849, 'recibo', '2023-08-04', 8, 2023, 296, 700, NULL, 700, '', '2023-08-04 20:33:05', 1, NULL, NULL, NULL, NULL, NULL),
(2848, 'recibo', '2023-08-04', 8, 2023, 294, 700, NULL, 700, '', '2023-08-04 20:33:05', 1, NULL, NULL, NULL, NULL, NULL),
(2847, 'recibo', '2023-08-04', 8, 2023, 293, 700, NULL, 700, '', '2023-08-04 20:33:05', 1, NULL, NULL, NULL, NULL, NULL),
(2846, 'recibo', '2023-08-04', 8, 2023, 292, 700, NULL, 700, '', '2023-08-04 20:33:05', 1, NULL, NULL, NULL, NULL, NULL),
(2845, 'recibo', '2023-08-04', 8, 2023, 291, 700, NULL, 700, '', '2023-08-04 20:33:05', 1, NULL, NULL, NULL, NULL, NULL),
(2844, 'recibo', '2023-08-04', 8, 2023, 289, 700, NULL, 700, '', '2023-08-04 20:33:05', 1, NULL, NULL, NULL, NULL, NULL),
(2843, 'recibo', '2023-08-04', 8, 2023, 288, 700, NULL, 700, '', '2023-08-04 20:33:05', 1, NULL, NULL, NULL, NULL, NULL),
(2842, 'recibo', '2023-08-04', 8, 2023, 287, 700, NULL, 700, '', '2023-08-04 20:33:05', 1, NULL, NULL, NULL, NULL, NULL),
(2841, 'recibo', '2023-08-04', 8, 2023, 285, 700, NULL, 700, '', '2023-08-04 20:33:05', 1, NULL, NULL, NULL, NULL, NULL),
(2840, 'recibo', '2023-08-04', 8, 2023, 279, 700, NULL, 700, '', '2023-08-04 20:33:05', 1, NULL, NULL, NULL, NULL, NULL),
(2839, 'recibo', '2023-08-04', 8, 2023, 278, 700, NULL, 700, '', '2023-08-04 20:33:05', 1, NULL, NULL, NULL, NULL, NULL),
(2838, 'recibo', '2023-08-04', 8, 2023, 277, 700, NULL, 700, '', '2023-08-04 20:33:05', 1, NULL, NULL, NULL, NULL, NULL),
(2837, 'recibo', '2023-08-04', 8, 2023, 276, 700, NULL, 700, '', '2023-08-04 20:33:05', 1, NULL, NULL, NULL, NULL, NULL),
(2836, 'recibo', '2023-08-04', 8, 2023, 275, 700, NULL, 700, '', '2023-08-04 20:33:05', 1, NULL, NULL, NULL, NULL, NULL),
(2835, 'recibo', '2023-08-04', 8, 2023, 274, 700, NULL, 700, '', '2023-08-04 20:33:05', 1, NULL, NULL, NULL, NULL, NULL),
(2834, 'recibo', '2023-08-04', 8, 2023, 273, 700, NULL, 700, '', '2023-08-04 20:33:05', 1, NULL, NULL, NULL, NULL, NULL),
(2833, 'recibo', '2023-08-04', 8, 2023, 272, 700, NULL, 700, '', '2023-08-04 20:33:05', 1, NULL, NULL, NULL, NULL, NULL),
(2832, 'recibo', '2023-08-04', 8, 2023, 271, 700, NULL, 700, '', '2023-08-04 20:33:05', 1, NULL, NULL, NULL, NULL, NULL),
(2831, 'recibo', '2023-08-04', 8, 2023, 270, 700, NULL, 700, '', '2023-08-04 20:33:05', 1, NULL, NULL, NULL, NULL, NULL),
(2830, 'recibo', '2023-08-04', 8, 2023, 269, 700, NULL, 700, '', '2023-08-04 20:33:05', 1, NULL, NULL, NULL, NULL, NULL),
(2829, 'recibo', '2023-08-04', 8, 2023, 268, 700, NULL, 700, '', '2023-08-04 20:33:05', 1, NULL, NULL, NULL, NULL, NULL),
(2828, 'recibo', '2023-08-04', 8, 2023, 266, 700, NULL, 700, '', '2023-08-04 20:33:05', 1, NULL, NULL, NULL, NULL, NULL),
(2827, 'recibo', '2023-08-04', 8, 2023, 265, 700, NULL, 700, '', '2023-08-04 20:33:05', 1, NULL, NULL, NULL, NULL, NULL),
(2826, 'recibo', '2023-08-04', 8, 2023, 264, 700, NULL, 700, '', '2023-08-04 20:33:05', 1, NULL, NULL, NULL, NULL, NULL),
(2825, 'recibo', '2023-08-04', 8, 2023, 263, 700, NULL, 700, '', '2023-08-04 20:33:05', 1, NULL, NULL, NULL, NULL, NULL),
(2824, 'recibo', '2023-08-04', 8, 2023, 262, 700, NULL, 700, '', '2023-08-04 20:33:05', 1, NULL, NULL, NULL, NULL, NULL),
(2823, 'recibo', '2023-08-04', 8, 2023, 261, 700, NULL, 700, '', '2023-08-04 20:33:05', 1, NULL, NULL, NULL, NULL, NULL),
(2822, 'recibo', '2023-08-04', 8, 2023, 260, 700, NULL, 700, '', '2023-08-04 20:33:05', 1, NULL, NULL, NULL, NULL, NULL),
(2821, 'recibo', '2023-08-04', 8, 2023, 259, 700, NULL, 700, '', '2023-08-04 20:33:05', 1, NULL, NULL, NULL, NULL, NULL),
(2820, 'recibo', '2023-08-04', 8, 2023, 258, 700, NULL, 700, '', '2023-08-04 20:33:05', 1, NULL, NULL, NULL, NULL, NULL),
(2819, 'recibo', '2023-08-04', 8, 2023, 257, 700, NULL, 700, '', '2023-08-04 20:33:05', 1, NULL, NULL, NULL, NULL, NULL),
(2818, 'recibo', '2023-08-04', 8, 2023, 255, 700, NULL, 700, '', '2023-08-04 20:33:05', 1, NULL, NULL, NULL, NULL, NULL),
(2817, 'recibo', '2023-08-04', 8, 2023, 254, 700, NULL, 700, '', '2023-08-04 20:33:05', 1, NULL, NULL, NULL, NULL, NULL),
(2816, 'recibo', '2023-08-04', 8, 2023, 253, 700, NULL, 700, '', '2023-08-04 20:33:05', 1, NULL, NULL, NULL, NULL, NULL),
(2815, 'recibo', '2023-08-04', 8, 2023, 252, 700, NULL, 700, '', '2023-08-04 20:33:05', 1, NULL, NULL, NULL, NULL, NULL),
(2814, 'recibo', '2023-08-04', 8, 2023, 250, 700, NULL, 700, '', '2023-08-04 20:33:05', 1, NULL, NULL, NULL, NULL, NULL),
(2813, 'recibo', '2023-08-04', 8, 2023, 249, 700, NULL, 700, '', '2023-08-04 20:33:05', 1, NULL, NULL, NULL, NULL, NULL),
(2812, 'recibo', '2023-08-04', 8, 2023, 248, 700, NULL, 700, '', '2023-08-04 20:33:05', 1, NULL, NULL, NULL, NULL, NULL),
(2811, 'recibo', '2023-08-04', 8, 2023, 247, 700, NULL, 700, '', '2023-08-04 20:33:05', 1, NULL, NULL, NULL, NULL, NULL),
(2810, 'recibo', '2023-08-04', 8, 2023, 246, 700, NULL, 700, '', '2023-08-04 20:33:05', 1, NULL, NULL, NULL, NULL, NULL),
(2809, 'recibo', '2023-08-04', 8, 2023, 245, 700, NULL, 700, '', '2023-08-04 20:33:05', 1, NULL, NULL, NULL, NULL, NULL),
(2808, 'recibo', '2023-08-04', 8, 2023, 244, 700, NULL, 700, '', '2023-08-04 20:33:05', 1, NULL, NULL, NULL, NULL, NULL),
(2807, 'recibo', '2023-08-04', 8, 2023, 242, 700, NULL, 700, '', '2023-08-04 20:33:05', 1, NULL, NULL, NULL, NULL, NULL),
(2806, 'recibo', '2023-08-04', 8, 2023, 240, 700, NULL, 700, '', '2023-08-04 20:33:05', 1, NULL, NULL, NULL, NULL, NULL),
(2805, 'recibo', '2023-08-04', 8, 2023, 239, 700, NULL, 700, '', '2023-08-04 20:33:05', 1, NULL, NULL, NULL, NULL, NULL),
(2804, 'recibo', '2023-08-04', 8, 2023, 237, 700, NULL, 700, '', '2023-08-04 20:33:05', 1, NULL, NULL, NULL, NULL, NULL),
(2803, 'recibo', '2023-08-04', 8, 2023, 235, 700, NULL, 700, '', '2023-08-04 20:33:05', 1, NULL, NULL, NULL, NULL, NULL),
(2802, 'recibo', '2023-08-04', 8, 2023, 234, 700, NULL, 700, '', '2023-08-04 20:33:05', 1, NULL, NULL, NULL, NULL, NULL),
(2801, 'recibo', '2023-08-04', 8, 2023, 233, 700, NULL, 700, '', '2023-08-04 20:33:05', 1, NULL, NULL, NULL, NULL, NULL),
(2800, 'recibo', '2023-08-04', 8, 2023, 231, 700, NULL, 700, '', '2023-08-04 20:33:05', 1, NULL, NULL, NULL, NULL, NULL),
(2799, 'recibo', '2023-08-04', 8, 2023, 230, 700, NULL, 700, '', '2023-08-04 20:33:05', 1, NULL, NULL, NULL, NULL, NULL),
(2798, 'recibo', '2023-08-04', 8, 2023, 229, 700, NULL, 700, '', '2023-08-04 20:33:05', 1, NULL, NULL, NULL, NULL, NULL),
(2797, 'recibo', '2023-08-04', 8, 2023, 228, 700, NULL, 700, '', '2023-08-04 20:33:05', 1, NULL, NULL, NULL, NULL, NULL),
(2796, 'recibo', '2023-08-04', 8, 2023, 226, 700, NULL, 700, '', '2023-08-04 20:33:05', 1, NULL, NULL, NULL, NULL, NULL),
(2795, 'recibo', '2023-08-04', 8, 2023, 225, 700, NULL, 700, '', '2023-08-04 20:33:05', 1, NULL, NULL, NULL, NULL, NULL),
(2794, 'recibo', '2023-08-04', 8, 2023, 223, 700, NULL, 700, '', '2023-08-04 20:33:05', 1, NULL, NULL, NULL, NULL, NULL),
(2793, 'recibo', '2023-08-04', 8, 2023, 222, 700, NULL, 700, '', '2023-08-04 20:33:05', 1, NULL, NULL, NULL, NULL, NULL),
(2792, 'recibo', '2023-08-04', 8, 2023, 221, 700, NULL, 700, '', '2023-08-04 20:33:05', 1, NULL, NULL, NULL, NULL, NULL),
(2791, 'recibo', '2023-08-04', 8, 2023, 220, 700, NULL, 700, '', '2023-08-04 20:33:05', 1, NULL, NULL, NULL, NULL, NULL),
(2790, 'recibo', '2023-08-04', 8, 2023, 218, 700, NULL, 700, '', '2023-08-04 20:33:05', 1, NULL, NULL, NULL, NULL, NULL),
(2789, 'recibo', '2023-08-04', 8, 2023, 217, 700, NULL, 700, '', '2023-08-04 20:33:05', 1, NULL, NULL, NULL, NULL, NULL),
(2788, 'recibo', '2023-08-04', 8, 2023, 214, 700, NULL, 700, '', '2023-08-04 20:33:05', 1, NULL, NULL, NULL, NULL, NULL),
(2787, 'recibo', '2023-08-04', 8, 2023, 213, 700, NULL, 700, '', '2023-08-04 20:33:05', 1, NULL, NULL, NULL, NULL, NULL),
(2786, 'recibo', '2023-08-04', 8, 2023, 538, 700, NULL, 700, '', '2023-08-04 20:33:05', 1, NULL, NULL, NULL, NULL, NULL),
(2785, 'recibo', '2023-08-04', 8, 2023, 211, 700, NULL, 700, '', '2023-08-04 20:33:05', 1, NULL, NULL, NULL, NULL, NULL),
(2784, 'recibo', '2023-08-04', 8, 2023, 208, 700, NULL, 700, '', '2023-08-04 20:33:05', 1, NULL, NULL, NULL, NULL, NULL),
(2783, 'recibo', '2023-08-04', 8, 2023, 207, 700, NULL, 700, '', '2023-08-04 20:33:05', 1, NULL, NULL, NULL, NULL, NULL),
(2782, 'recibo', '2023-08-04', 8, 2023, 206, 700, NULL, 700, '', '2023-08-04 20:33:05', 1, NULL, NULL, NULL, NULL, NULL),
(2781, 'recibo', '2023-08-04', 8, 2023, 205, 700, NULL, 700, '', '2023-08-04 20:33:05', 1, NULL, NULL, NULL, NULL, NULL),
(2780, 'recibo', '2023-08-04', 8, 2023, 537, 700, NULL, 700, '', '2023-08-04 20:33:05', 1, NULL, NULL, NULL, NULL, NULL),
(2779, 'recibo', '2023-08-04', 8, 2023, 203, 700, NULL, 700, '', '2023-08-04 20:33:05', 1, NULL, NULL, NULL, NULL, NULL),
(2778, 'recibo', '2023-08-04', 8, 2023, 202, 700, NULL, 700, '', '2023-08-04 20:33:05', 1, NULL, NULL, NULL, NULL, NULL),
(2777, 'recibo', '2023-08-04', 8, 2023, 200, 700, NULL, 700, '', '2023-08-04 20:33:05', 1, NULL, NULL, NULL, NULL, NULL),
(2776, 'recibo', '2023-08-04', 8, 2023, 199, 700, NULL, 700, '', '2023-08-04 20:33:05', 1, NULL, NULL, NULL, NULL, NULL),
(2775, 'recibo', '2023-08-04', 8, 2023, 195, 700, NULL, 700, '', '2023-08-04 20:33:05', 1, NULL, NULL, NULL, NULL, NULL),
(2774, 'recibo', '2023-08-04', 8, 2023, 192, 700, NULL, 700, '', '2023-08-04 20:33:05', 1, NULL, NULL, NULL, NULL, NULL),
(2773, 'recibo', '2023-08-04', 8, 2023, 189, 700, NULL, 700, '', '2023-08-04 20:33:05', 1, NULL, NULL, NULL, NULL, NULL),
(2772, 'recibo', '2023-08-04', 8, 2023, 188, 700, NULL, 700, '', '2023-08-04 20:33:05', 1, NULL, NULL, NULL, NULL, NULL),
(2771, 'recibo', '2023-08-04', 8, 2023, 534, 700, NULL, 700, '', '2023-08-04 20:33:05', 1, NULL, NULL, NULL, NULL, NULL),
(2770, 'recibo', '2023-08-04', 8, 2023, 186, 700, NULL, 700, '', '2023-08-04 20:33:05', 1, NULL, NULL, NULL, NULL, NULL),
(2769, 'recibo', '2023-08-04', 8, 2023, 530, 700, NULL, 700, '', '2023-08-04 20:33:05', 1, NULL, NULL, NULL, NULL, NULL),
(2768, 'recibo', '2023-08-04', 8, 2023, 179, 700, NULL, 700, '', '2023-08-04 20:33:05', 1, NULL, NULL, NULL, NULL, NULL),
(2767, 'recibo', '2023-08-04', 8, 2023, 178, 700, NULL, 700, '', '2023-08-04 20:33:05', 1, NULL, NULL, NULL, NULL, NULL),
(2766, 'recibo', '2023-08-04', 8, 2023, 177, 700, NULL, 700, '', '2023-08-04 20:33:05', 1, NULL, NULL, NULL, NULL, NULL),
(2765, 'recibo', '2023-08-04', 8, 2023, 176, 700, NULL, 700, '', '2023-08-04 20:33:05', 1, NULL, NULL, NULL, NULL, NULL),
(2764, 'recibo', '2023-08-04', 8, 2023, 175, 700, NULL, 700, '', '2023-08-04 20:33:05', 1, NULL, NULL, NULL, NULL, NULL),
(2763, 'recibo', '2023-08-04', 8, 2023, 174, 700, NULL, 700, '', '2023-08-04 20:33:05', 1, NULL, NULL, NULL, NULL, NULL),
(2762, 'recibo', '2023-08-04', 8, 2023, 173, 700, NULL, 700, '', '2023-08-04 20:33:05', 1, NULL, NULL, NULL, NULL, NULL),
(2761, 'recibo', '2023-08-04', 8, 2023, 172, 700, NULL, 700, '', '2023-08-04 20:33:05', 1, NULL, NULL, NULL, NULL, NULL),
(2760, 'recibo', '2023-08-04', 8, 2023, 171, 700, NULL, 700, '', '2023-08-04 20:33:05', 1, NULL, NULL, NULL, NULL, NULL),
(2759, 'recibo', '2023-08-04', 8, 2023, 386, 700, NULL, 700, '', '2023-08-04 20:33:05', 1, NULL, NULL, NULL, NULL, NULL),
(2758, 'recibo', '2023-08-04', 8, 2023, 168, 700, NULL, 700, '', '2023-08-04 20:33:05', 1, NULL, NULL, NULL, NULL, NULL),
(2757, 'recibo', '2023-08-04', 8, 2023, 167, 700, NULL, 700, '', '2023-08-04 20:33:05', 1, NULL, NULL, NULL, NULL, NULL),
(2756, 'recibo', '2023-08-04', 8, 2023, 166, 700, NULL, 700, '', '2023-08-04 20:33:05', 1, NULL, NULL, NULL, NULL, NULL),
(2755, 'recibo', '2023-08-04', 8, 2023, 165, 700, NULL, 700, '', '2023-08-04 20:33:05', 1, NULL, NULL, NULL, NULL, NULL),
(2754, 'recibo', '2023-08-04', 8, 2023, 164, 700, NULL, 700, '', '2023-08-04 20:33:05', 1, NULL, NULL, NULL, NULL, NULL),
(2753, 'recibo', '2023-08-04', 8, 2023, 163, 700, NULL, 700, '', '2023-08-04 20:33:05', 1, NULL, NULL, NULL, NULL, NULL),
(2752, 'recibo', '2023-08-04', 8, 2023, 161, 700, NULL, 700, '', '2023-08-04 20:33:05', 1, NULL, NULL, NULL, NULL, NULL),
(2751, 'recibo', '2023-08-04', 8, 2023, 159, 700, NULL, 700, '', '2023-08-04 20:33:05', 1, NULL, NULL, NULL, NULL, NULL),
(2750, 'recibo', '2023-08-04', 8, 2023, 158, 700, NULL, 700, '', '2023-08-04 20:33:05', 1, NULL, NULL, NULL, NULL, NULL),
(2749, 'recibo', '2023-08-04', 8, 2023, 156, 700, NULL, 700, '', '2023-08-04 20:33:05', 1, NULL, NULL, NULL, NULL, NULL),
(2748, 'recibo', '2023-08-04', 8, 2023, 155, 700, NULL, 700, '', '2023-08-04 20:33:05', 1, NULL, NULL, NULL, NULL, NULL),
(2747, 'recibo', '2023-08-04', 8, 2023, 153, 700, NULL, 700, '', '2023-08-04 20:33:05', 1, NULL, NULL, NULL, NULL, NULL),
(2746, 'recibo', '2023-08-04', 8, 2023, 152, 700, NULL, 700, '', '2023-08-04 20:33:05', 1, NULL, NULL, NULL, NULL, NULL),
(2745, 'recibo', '2023-08-04', 8, 2023, 151, 700, NULL, 700, '', '2023-08-04 20:33:05', 1, NULL, NULL, NULL, NULL, NULL),
(2744, 'recibo', '2023-08-04', 8, 2023, 150, 700, NULL, 700, '', '2023-08-04 20:33:05', 1, NULL, NULL, NULL, NULL, NULL),
(2743, 'recibo', '2023-08-04', 8, 2023, 149, 700, NULL, 700, '', '2023-08-04 20:33:05', 1, NULL, NULL, NULL, NULL, NULL),
(2742, 'recibo', '2023-08-04', 8, 2023, 148, 700, NULL, 700, '', '2023-08-04 20:33:05', 1, NULL, NULL, NULL, NULL, NULL),
(2741, 'recibo', '2023-08-04', 8, 2023, 147, 700, NULL, 700, '', '2023-08-04 20:33:05', 1, NULL, NULL, NULL, NULL, NULL),
(2740, 'recibo', '2023-08-04', 8, 2023, 144, 700, NULL, 700, '', '2023-08-04 20:33:05', 1, NULL, NULL, NULL, NULL, NULL),
(2739, 'recibo', '2023-08-04', 8, 2023, 143, 700, NULL, 700, '', '2023-08-04 20:33:05', 1, NULL, NULL, NULL, NULL, NULL),
(2738, 'recibo', '2023-08-04', 8, 2023, 142, 700, NULL, 700, '', '2023-08-04 20:33:05', 1, NULL, NULL, NULL, NULL, NULL),
(2737, 'recibo', '2023-08-04', 8, 2023, 141, 700, NULL, 700, '', '2023-08-04 20:33:05', 1, NULL, NULL, NULL, NULL, NULL),
(2736, 'recibo', '2023-08-04', 8, 2023, 140, 700, NULL, 700, '', '2023-08-04 20:33:05', 1, NULL, NULL, NULL, NULL, NULL),
(2735, 'recibo', '2023-08-04', 8, 2023, 139, 700, NULL, 700, '', '2023-08-04 20:33:05', 1, NULL, NULL, NULL, NULL, NULL),
(2734, 'recibo', '2023-08-04', 8, 2023, 138, 700, NULL, 700, '', '2023-08-04 20:33:05', 1, NULL, NULL, NULL, NULL, NULL),
(2733, 'recibo', '2023-08-04', 8, 2023, 137, 700, NULL, 700, '', '2023-08-04 20:33:05', 1, NULL, NULL, NULL, NULL, NULL),
(2732, 'recibo', '2023-08-04', 8, 2023, 136, 700, NULL, 700, '', '2023-08-04 20:33:05', 1, NULL, NULL, NULL, NULL, NULL),
(2731, 'recibo', '2023-08-04', 8, 2023, 135, 700, NULL, 700, '', '2023-08-04 20:33:05', 1, NULL, NULL, NULL, NULL, NULL),
(2730, 'recibo', '2023-08-04', 8, 2023, 134, 700, NULL, 700, '', '2023-08-04 20:33:05', 1, NULL, NULL, NULL, NULL, NULL),
(2729, 'recibo', '2023-08-04', 8, 2023, 481, 700, NULL, 700, '', '2023-08-04 20:33:05', 1, NULL, NULL, NULL, NULL, NULL),
(2728, 'recibo', '2023-08-04', 8, 2023, 535, 700, NULL, 700, '', '2023-08-04 20:33:05', 1, NULL, NULL, NULL, NULL, NULL),
(2727, 'recibo', '2023-08-04', 8, 2023, 132, 700, NULL, 700, '', '2023-08-04 20:33:05', 1, NULL, NULL, NULL, NULL, NULL),
(2726, 'recibo', '2023-08-04', 8, 2023, 131, 700, NULL, 700, '', '2023-08-04 20:33:05', 1, NULL, NULL, NULL, NULL, NULL),
(2725, 'recibo', '2023-08-04', 8, 2023, 130, 700, NULL, 700, '', '2023-08-04 20:33:05', 1, NULL, NULL, NULL, NULL, NULL),
(2724, 'recibo', '2023-08-04', 8, 2023, 554, 700, NULL, 700, '', '2023-08-04 20:33:05', 1, NULL, NULL, NULL, NULL, NULL),
(2723, 'recibo', '2023-08-04', 8, 2023, 128, 700, NULL, 700, '', '2023-08-04 20:33:05', 1, NULL, NULL, NULL, NULL, NULL),
(2722, 'recibo', '2023-08-04', 8, 2023, 127, 700, NULL, 700, '', '2023-08-04 20:33:05', 1, NULL, NULL, NULL, NULL, NULL),
(2721, 'recibo', '2023-08-04', 8, 2023, 125, 700, NULL, 700, '', '2023-08-04 20:33:05', 1, NULL, NULL, NULL, NULL, NULL),
(2720, 'recibo', '2023-08-04', 8, 2023, 124, 700, NULL, 700, '', '2023-08-04 20:33:05', 1, NULL, NULL, NULL, NULL, NULL),
(2719, 'recibo', '2023-08-04', 8, 2023, 123, 700, NULL, 700, '', '2023-08-04 20:33:05', 1, NULL, NULL, NULL, NULL, NULL),
(2718, 'recibo', '2023-08-04', 8, 2023, 121, 700, NULL, 700, '', '2023-08-04 20:33:05', 1, NULL, NULL, NULL, NULL, NULL),
(2717, 'recibo', '2023-08-04', 8, 2023, 120, 700, NULL, 700, '', '2023-08-04 20:33:05', 1, NULL, NULL, NULL, NULL, NULL),
(2716, 'recibo', '2023-08-04', 8, 2023, 119, 700, NULL, 700, '', '2023-08-04 20:33:05', 1, NULL, NULL, NULL, NULL, NULL),
(2715, 'recibo', '2023-08-04', 8, 2023, 118, 700, NULL, 700, '', '2023-08-04 20:33:05', 1, NULL, NULL, NULL, NULL, NULL),
(2714, 'recibo', '2023-08-04', 8, 2023, 117, 700, NULL, 700, '', '2023-08-04 20:33:05', 1, NULL, NULL, NULL, NULL, NULL),
(2713, 'recibo', '2023-08-04', 8, 2023, 116, 700, NULL, 700, '', '2023-08-04 20:33:05', 1, NULL, NULL, NULL, NULL, NULL),
(2712, 'recibo', '2023-08-04', 8, 2023, 553, 700, NULL, 700, '', '2023-08-04 20:33:05', 1, NULL, NULL, NULL, NULL, NULL),
(2711, 'recibo', '2023-08-04', 8, 2023, 114, 700, NULL, 700, '', '2023-08-04 20:33:05', 1, NULL, NULL, NULL, NULL, NULL),
(2710, 'recibo', '2023-08-04', 8, 2023, 113, 700, NULL, 700, '', '2023-08-04 20:33:05', 1, NULL, NULL, NULL, NULL, NULL),
(2709, 'recibo', '2023-08-04', 8, 2023, 112, 700, NULL, 700, '', '2023-08-04 20:33:05', 1, NULL, NULL, NULL, NULL, NULL),
(2708, 'recibo', '2023-08-04', 8, 2023, 111, 700, NULL, 700, '', '2023-08-04 20:33:05', 1, NULL, NULL, NULL, NULL, NULL),
(2707, 'recibo', '2023-08-04', 8, 2023, 110, 700, NULL, 700, '', '2023-08-04 20:33:05', 1, NULL, NULL, NULL, NULL, NULL),
(2706, 'recibo', '2023-08-04', 8, 2023, 109, 700, NULL, 700, '', '2023-08-04 20:33:05', 1, NULL, NULL, NULL, NULL, NULL),
(2705, 'recibo', '2023-08-04', 8, 2023, 104, 700, NULL, 700, '', '2023-08-04 20:33:05', 1, NULL, NULL, NULL, NULL, NULL),
(2704, 'recibo', '2023-08-04', 8, 2023, 103, 700, NULL, 700, '', '2023-08-04 20:33:05', 1, NULL, NULL, NULL, NULL, NULL),
(2703, 'recibo', '2023-08-04', 8, 2023, 101, 700, NULL, 700, '', '2023-08-04 20:33:05', 1, NULL, NULL, NULL, NULL, NULL),
(2702, 'recibo', '2023-08-04', 8, 2023, 100, 700, NULL, 700, '', '2023-08-04 20:33:05', 1, NULL, NULL, NULL, NULL, NULL),
(2701, 'recibo', '2023-08-04', 8, 2023, 98, 700, NULL, 700, '', '2023-08-04 20:33:05', 1, NULL, NULL, NULL, NULL, NULL),
(2700, 'recibo', '2023-08-04', 8, 2023, 97, 700, NULL, 700, '', '2023-08-04 20:33:05', 1, NULL, NULL, NULL, NULL, NULL),
(2699, 'recibo', '2023-08-04', 8, 2023, 96, 700, NULL, 700, '', '2023-08-04 20:33:05', 1, NULL, NULL, NULL, NULL, NULL),
(2698, 'recibo', '2023-08-04', 8, 2023, 93, 700, NULL, 700, '', '2023-08-04 20:33:05', 1, NULL, NULL, NULL, NULL, NULL),
(2697, 'recibo', '2023-08-04', 8, 2023, 92, 700, NULL, 700, '', '2023-08-04 20:33:05', 1, NULL, NULL, NULL, NULL, NULL),
(2696, 'recibo', '2023-08-04', 8, 2023, 91, 700, NULL, 700, '', '2023-08-04 20:33:05', 1, NULL, NULL, NULL, NULL, NULL),
(2695, 'recibo', '2023-08-04', 8, 2023, 90, 700, NULL, 700, '', '2023-08-04 20:33:05', 1, NULL, NULL, NULL, NULL, NULL),
(2694, 'recibo', '2023-08-04', 8, 2023, 89, 700, NULL, 700, '', '2023-08-04 20:33:05', 1, NULL, NULL, NULL, NULL, NULL),
(2693, 'recibo', '2023-08-04', 8, 2023, 88, 700, NULL, 700, '', '2023-08-04 20:33:05', 1, NULL, NULL, NULL, NULL, NULL),
(2692, 'recibo', '2023-08-04', 8, 2023, 87, 700, NULL, 700, '', '2023-08-04 20:33:05', 1, NULL, NULL, NULL, NULL, NULL),
(2691, 'recibo', '2023-08-04', 8, 2023, 86, 700, NULL, 700, '', '2023-08-04 20:33:05', 1, NULL, NULL, NULL, NULL, NULL),
(2690, 'recibo', '2023-08-04', 8, 2023, 85, 700, NULL, 700, '', '2023-08-04 20:33:05', 1, NULL, NULL, NULL, NULL, NULL),
(2689, 'recibo', '2023-08-04', 8, 2023, 84, 700, NULL, 700, '', '2023-08-04 20:33:05', 1, NULL, NULL, NULL, NULL, NULL),
(2687, 'recibo', '2023-08-04', 8, 2023, 81, 700, NULL, 700, '', '2023-08-04 20:33:05', 1, NULL, NULL, NULL, NULL, NULL),
(2688, 'recibo', '2023-08-04', 8, 2023, 83, 700, NULL, 700, '', '2023-08-04 20:33:05', 1, NULL, NULL, NULL, NULL, NULL),
(2686, 'recibo', '2023-08-04', 8, 2023, 80, 700, NULL, 700, '', '2023-08-04 20:33:05', 1, NULL, NULL, NULL, NULL, NULL),
(2685, 'recibo', '2023-08-04', 8, 2023, 78, 700, NULL, 700, '', '2023-08-04 20:33:05', 1, NULL, NULL, NULL, NULL, NULL),
(2684, 'recibo', '2023-08-04', 8, 2023, 77, 700, NULL, 700, '', '2023-08-04 20:33:05', 1, NULL, NULL, NULL, NULL, NULL),
(2683, 'recibo', '2023-08-04', 8, 2023, 76, 700, NULL, 700, '', '2023-08-04 20:33:05', 1, NULL, NULL, NULL, NULL, NULL),
(2682, 'recibo', '2023-08-04', 8, 2023, 75, 700, NULL, 700, '', '2023-08-04 20:33:05', 1, NULL, NULL, NULL, NULL, NULL),
(2681, 'recibo', '2023-08-04', 8, 2023, 74, 700, NULL, 700, '', '2023-08-04 20:33:05', 1, NULL, NULL, NULL, NULL, NULL),
(2680, 'recibo', '2023-08-04', 8, 2023, 73, 700, NULL, 700, '', '2023-08-04 20:33:05', 1, NULL, NULL, NULL, NULL, NULL),
(2679, 'recibo', '2023-08-04', 8, 2023, 71, 700, NULL, 700, '', '2023-08-04 20:33:05', 1, NULL, NULL, NULL, NULL, NULL),
(2678, 'recibo', '2023-08-04', 8, 2023, 70, 700, NULL, 700, '', '2023-08-04 20:33:05', 1, NULL, NULL, NULL, NULL, NULL),
(2677, 'recibo', '2023-08-04', 8, 2023, 69, 700, NULL, 700, '', '2023-08-04 20:33:05', 1, NULL, NULL, NULL, NULL, NULL),
(2676, 'recibo', '2023-08-04', 8, 2023, 66, 700, NULL, 700, '', '2023-08-04 20:33:05', 1, NULL, NULL, NULL, NULL, NULL),
(2675, 'recibo', '2023-08-04', 8, 2023, 64, 700, NULL, 700, '', '2023-08-04 20:33:05', 1, NULL, NULL, NULL, NULL, NULL),
(2674, 'recibo', '2023-08-04', 8, 2023, 63, 700, NULL, 700, '', '2023-08-04 20:33:05', 1, NULL, NULL, NULL, NULL, NULL),
(2673, 'recibo', '2023-08-04', 8, 2023, 62, 700, NULL, 700, '', '2023-08-04 20:33:05', 1, NULL, NULL, NULL, NULL, NULL),
(2672, 'recibo', '2023-08-04', 8, 2023, 60, 700, NULL, 700, '', '2023-08-04 20:33:05', 1, NULL, NULL, NULL, NULL, NULL),
(2671, 'recibo', '2023-08-04', 8, 2023, 59, 700, NULL, 700, '', '2023-08-04 20:33:05', 1, NULL, NULL, NULL, NULL, NULL),
(2670, 'recibo', '2023-08-04', 8, 2023, 58, 700, NULL, 700, '', '2023-08-04 20:33:05', 1, NULL, NULL, NULL, NULL, NULL),
(2669, 'recibo', '2023-08-04', 8, 2023, 57, 700, NULL, 700, '', '2023-08-04 20:33:05', 1, NULL, NULL, NULL, NULL, NULL),
(2668, 'recibo', '2023-08-04', 8, 2023, 55, 700, NULL, 700, '', '2023-08-04 20:33:05', 1, NULL, NULL, NULL, NULL, NULL),
(2667, 'recibo', '2023-08-04', 8, 2023, 53, 700, NULL, 700, '', '2023-08-04 20:33:05', 1, NULL, NULL, NULL, NULL, NULL),
(2666, 'recibo', '2023-08-04', 8, 2023, 51, 700, NULL, 700, '', '2023-08-04 20:33:05', 1, NULL, NULL, NULL, NULL, NULL),
(2665, 'recibo', '2023-08-04', 8, 2023, 50, 700, NULL, 700, '', '2023-08-04 20:33:05', 1, NULL, NULL, NULL, NULL, NULL),
(2664, 'recibo', '2023-08-04', 8, 2023, 49, 700, NULL, 700, '', '2023-08-04 20:33:05', 1, NULL, NULL, NULL, NULL, NULL),
(2663, 'recibo', '2023-08-04', 8, 2023, 47, 700, NULL, 700, '', '2023-08-04 20:33:05', 1, NULL, NULL, NULL, NULL, NULL),
(2662, 'recibo', '2023-08-04', 8, 2023, 45, 700, NULL, 700, '', '2023-08-04 20:33:05', 1, NULL, NULL, NULL, NULL, NULL),
(2661, 'recibo', '2023-08-04', 8, 2023, 43, 700, NULL, 700, '', '2023-08-04 20:33:05', 1, NULL, NULL, NULL, NULL, NULL),
(2660, 'recibo', '2023-08-04', 8, 2023, 42, 700, NULL, 700, '', '2023-08-04 20:33:05', 1, NULL, NULL, NULL, NULL, NULL),
(2659, 'recibo', '2023-08-04', 8, 2023, 41, 700, NULL, 700, '', '2023-08-04 20:33:05', 1, NULL, NULL, NULL, NULL, NULL),
(2658, 'recibo', '2023-08-04', 8, 2023, 40, 700, NULL, 700, '', '2023-08-04 20:33:05', 1, NULL, NULL, NULL, NULL, NULL),
(2657, 'recibo', '2023-08-04', 8, 2023, 38, 700, NULL, 700, '', '2023-08-04 20:33:05', 1, NULL, NULL, NULL, NULL, NULL),
(2656, 'recibo', '2023-08-04', 8, 2023, 36, 700, NULL, 700, '', '2023-08-04 20:33:05', 1, NULL, NULL, NULL, NULL, NULL),
(2655, 'recibo', '2023-08-04', 8, 2023, 35, 700, NULL, 700, '', '2023-08-04 20:33:05', 1, NULL, NULL, NULL, NULL, NULL),
(2654, 'recibo', '2023-08-04', 8, 2023, 31, 700, NULL, 700, '', '2023-08-04 20:33:05', 1, NULL, NULL, NULL, NULL, NULL),
(2653, 'recibo', '2023-08-04', 8, 2023, 30, 700, NULL, 700, '', '2023-08-04 20:33:05', 1, NULL, NULL, NULL, NULL, NULL),
(2652, 'recibo', '2023-08-04', 8, 2023, 29, 700, NULL, 700, '', '2023-08-04 20:33:05', 1, NULL, NULL, NULL, NULL, NULL),
(2651, 'recibo', '2023-08-04', 8, 2023, 28, 700, NULL, 700, '', '2023-08-04 20:33:05', 1, NULL, NULL, NULL, NULL, NULL);
INSERT INTO `movimientos` (`id`, `ReciboCobro`, `fecha`, `periodoMes`, `periodoAnio`, `socioId`, `debe`, `haber`, `saldo`, `observaciones`, `fechaIngreso`, `bibliotecaId`, `usuarioIDCreacionIngreso`, `Eliminado`, `usuarioIDEliminacion`, `FechaEliminacion`, `NumeroReciboPagado`) VALUES
(2650, 'recibo', '2023-08-04', 8, 2023, 27, 700, NULL, 700, '', '2023-08-04 20:33:05', 1, NULL, NULL, NULL, NULL, NULL),
(2649, 'recibo', '2023-08-04', 8, 2023, 26, 700, NULL, 700, '', '2023-08-04 20:33:05', 1, NULL, NULL, NULL, NULL, NULL),
(2648, 'recibo', '2023-08-04', 8, 2023, 25, 700, NULL, 700, '', '2023-08-04 20:33:05', 1, NULL, NULL, NULL, NULL, NULL),
(2647, 'recibo', '2023-08-04', 8, 2023, 24, 700, NULL, 700, '', '2023-08-04 20:33:05', 1, NULL, NULL, NULL, NULL, NULL),
(2646, 'recibo', '2023-08-04', 8, 2023, 23, 700, NULL, 700, '', '2023-08-04 20:33:05', 1, NULL, NULL, NULL, NULL, NULL),
(2645, 'recibo', '2023-08-04', 8, 2023, 22, 700, NULL, 700, '', '2023-08-04 20:33:05', 1, NULL, NULL, NULL, NULL, NULL),
(2644, 'recibo', '2023-08-04', 8, 2023, 21, 700, NULL, 700, '', '2023-08-04 20:33:05', 1, NULL, NULL, NULL, NULL, NULL),
(2643, 'recibo', '2023-08-04', 8, 2023, 451, 700, NULL, 700, '', '2023-08-04 20:33:05', 1, NULL, NULL, NULL, NULL, NULL),
(2642, 'recibo', '2023-08-04', 8, 2023, 18, 700, NULL, 700, '', '2023-08-04 20:33:05', 1, NULL, NULL, NULL, NULL, NULL),
(2641, 'recibo', '2023-08-04', 8, 2023, 16, 700, NULL, 700, '', '2023-08-04 20:33:05', 1, NULL, NULL, NULL, NULL, NULL),
(2640, 'recibo', '2023-08-04', 8, 2023, 15, 700, NULL, 700, '', '2023-08-04 20:33:05', 1, NULL, NULL, NULL, NULL, NULL),
(2639, 'recibo', '2023-08-04', 8, 2023, 13, 700, NULL, 700, '', '2023-08-04 20:33:05', 1, NULL, NULL, NULL, NULL, NULL),
(2638, 'recibo', '2023-08-04', 8, 2023, 12, 700, NULL, 700, '', '2023-08-04 20:33:05', 1, NULL, NULL, NULL, NULL, NULL),
(2637, 'recibo', '2023-08-04', 8, 2023, 11, 700, NULL, 700, '', '2023-08-04 20:33:05', 1, NULL, NULL, NULL, NULL, NULL),
(2636, 'recibo', '2023-08-04', 8, 2023, 7, 700, NULL, 700, '', '2023-08-04 20:33:05', 1, NULL, NULL, NULL, NULL, NULL),
(2635, 'recibo', '2023-08-04', 8, 2023, 10, 700, NULL, 700, '', '2023-08-04 20:33:05', 1, NULL, NULL, NULL, NULL, NULL),
(2634, 'recibo', '2023-08-04', 8, 2023, 9, 700, NULL, 700, '', '2023-08-04 20:33:05', 1, NULL, NULL, NULL, NULL, NULL),
(2633, 'recibo', '2023-08-04', 8, 2023, 8, 700, NULL, 700, '', '2023-08-04 20:33:05', 1, NULL, NULL, NULL, NULL, NULL);

-- --------------------------------------------------------

--
-- Estructura de tabla para la tabla `provincias`
--

DROP TABLE IF EXISTS `provincias`;
CREATE TABLE IF NOT EXISTS `provincias` (
  `id` int(11) NOT NULL AUTO_INCREMENT,
  `descripcion` varchar(50) CHARACTER SET utf8 NOT NULL,
  PRIMARY KEY (`id`)
) ENGINE=MyISAM AUTO_INCREMENT=8 DEFAULT CHARSET=utf8 COLLATE=utf8_spanish_ci;

--
-- Volcado de datos para la tabla `provincias`
--

INSERT INTO `provincias` (`id`, `descripcion`) VALUES
(1, 'Cordoba'),
(2, 'Buenos Aires'),
(3, 'Buenos Aires'),
(4, 'Santa Fé'),
(6, 'San Luis'),
(7, 'San Luis');

-- --------------------------------------------------------

--
-- Estructura de tabla para la tabla `sector`
--

DROP TABLE IF EXISTS `sector`;
CREATE TABLE IF NOT EXISTS `sector` (
  `id` int(11) NOT NULL AUTO_INCREMENT,
  `bibliotecaId` int(11) NOT NULL,
  `descripcion` varchar(50) COLLATE utf8_spanish_ci NOT NULL,
  PRIMARY KEY (`id`)
) ENGINE=MyISAM AUTO_INCREMENT=6 DEFAULT CHARSET=utf8 COLLATE=utf8_spanish_ci;

--
-- Volcado de datos para la tabla `sector`
--

INSERT INTO `sector` (`id`, `bibliotecaId`, `descripcion`) VALUES
(1, 1, '1'),
(2, 1, '2'),
(3, 1, '3'),
(4, 1, '4'),
(5, 1, '5');

-- --------------------------------------------------------

--
-- Estructura de tabla para la tabla `socios`
--

DROP TABLE IF EXISTS `socios`;
CREATE TABLE IF NOT EXISTS `socios` (
  `id` int(11) NOT NULL AUTO_INCREMENT,
  `bilbiotecaId` int(11) NOT NULL,
  `numeroSocio` varchar(50) COLLATE utf8_spanish_ci DEFAULT NULL,
  `apellidoyNombre` varchar(100) COLLATE utf8_spanish_ci NOT NULL,
  `telefono` varchar(50) COLLATE utf8_spanish_ci DEFAULT NULL COMMENT 'Ingreso de telefono',
  `mail` varchar(100) COLLATE utf8_spanish_ci NOT NULL,
  `pass` varchar(150) COLLATE utf8_spanish_ci NOT NULL,
  `sectorid` int(11) DEFAULT NULL,
  `domicilio` varchar(100) COLLATE utf8_spanish_ci DEFAULT NULL,
  `localidadid` int(11) DEFAULT NULL,
  `provinciaid` int(11) DEFAULT NULL,
  `documento` varchar(20) COLLATE utf8_spanish_ci DEFAULT NULL,
  `individualgrupal` varchar(1) COLLATE utf8_spanish_ci DEFAULT 'I' COMMENT 'I=indiviudal G=grupal',
  `activo` varchar(2) COLLATE utf8_spanish_ci NOT NULL,
  `tipoSocioId` int(11) NOT NULL COMMENT 'Aca configuramos el valor de la cuota',
  `rol` int(11) NOT NULL COMMENT '0-Usuario Comun- 1 Administrador - 2 HiperAdministrador',
  `pagaCuota` varchar(2) COLLATE utf8_spanish_ci NOT NULL,
  PRIMARY KEY (`id`)
) ENGINE=MyISAM AUTO_INCREMENT=555 DEFAULT CHARSET=utf8 COLLATE=utf8_spanish_ci;

--
-- Volcado de datos para la tabla `socios`
--

INSERT INTO `socios` (`id`, `bilbiotecaId`, `numeroSocio`, `apellidoyNombre`, `telefono`, `mail`, `pass`, `sectorid`, `domicilio`, `localidadid`, `provinciaid`, `documento`, `individualgrupal`, `activo`, `tipoSocioId`, `rol`, `pagaCuota`) VALUES
(8, 1, '1', 'Brizuela, Silvia', '3385500878', 'silviabrizuela@hotmail.com', 'MQ==', 4, 'San Martin 601', 1, 1, '13643829', 'I', 'SI', 1, 1, 'SI'),
(9, 1, '2', 'Alisio, Martha', '3385592842', 'xxx', 'Mg==', NULL, 'España 653', 1, 1, '12090928', 'I', 'SI', 1, 1, 'SI'),
(10, 1, '4', 'Granero, Germàn', '000', 'xxx', 'NA==', 4, 'Emilio Olmos 349', 1, 1, '27632270', 'I', 'SI', 1, 1, 'SI'),
(7, 1, '742', 'Brizuela Maria Elena', '338544580', 'marielebrizuela@hotmail.com', 'MQ==', 3, 'Av. San Martin 376', 1, 1, '20325331', 'I', 'SI', 1, 3, 'SI'),
(11, 1, '6', 'Barrionuevo, Mabel', '3385446703', 'xxx', 'Ng==', 4, 'Grito de Alcorta 149', 1, 1, '12657362', 'I', 'SI', 1, 1, 'SI'),
(12, 1, '8', 'Armendariz, Eugenia', '3385422213', 'xxx', 'OA==', 1, '25 de Mayo 833', 1, 1, '17160585', 'I', 'SI', 2, 1, 'SI'),
(13, 1, '9', 'Barbosa, Marìa Agustina', '000', 'xxx', 'OQ==', 1, 'Alberto Sabin 488', 1, 1, '38729253', 'I', 'SI', 1, 1, 'SI'),
(15, 1, '13', 'Berra, Analìa', '3385597398', 'xxx', 'MTM=', 5, '90 De Julio 800', 1, 1, '12452073', 'I', 'SI', 1, 1, 'SI'),
(16, 1, '14', 'Berra, Alejandra', '3385433736', 'xxx', 'MTQ=', 3, 'Dr. Alfredo T Bruno 453', 1, 1, '16643693', 'I', 'SI', 1, 1, 'SI'),
(17, 1, '15', 'Bocco, Cristina', '3385400141', 'xxx', 'MTU=', 2, 'Rivadavia', 1, 1, '25175559', 'I', 'NO', 2, 1, 'NO'),
(18, 1, '16', 'Tarditto, Adriana', '3385433483', 'xxx', 'MTY=', 1, 'Rivadavia 725', 1, 1, '23272047', 'I', 'SI', 1, 1, 'SI'),
(451, 1, '521', 'Estrada, Marìa Jimena', '3385437188', 'xxx', 'NTIx', 1, 'Bernardino Ance 888', 1, 1, '34272558', 'I', 'SI', 2, 1, 'SI'),
(21, 1, '17', 'Vignolles, Diana', '3385596227', 'xxx', 'MTc=', 3, 'Agustin Sanguinetti 875', 1, 1, '28813574', 'I', 'SI', 2, 1, 'SI'),
(22, 1, '20', 'Buttini, Silvia', '3385522724', 'xxx', 'MjA=', 2, 'Francisco Marrtelli', 1, 1, '17160555', 'I', 'SI', 1, 1, 'SI'),
(23, 1, '24', 'Làzaro, Celestina', '000', 'xxx', 'MjQ=', 5, '25 De Mayo', 1, 1, '10847728', 'I', 'SI', 1, 1, 'SI'),
(24, 1, '29', 'Galarza, Jorgelina', '000', 'xxx', 'Mjk=', 4, 'Humberto Primo 150', 1, 1, '32369085', 'I', 'SI', 2, 1, 'SI'),
(25, 1, '33', 'Colonna, Zulma', '000', 'xxx', 'MzM=', 2, '25 De Mayo 453', 1, 1, '4742392', 'I', 'SI', 2, 1, 'SI'),
(26, 1, '35', 'Chionetti, Andrea', '000', 'xxx', 'MzU=', 2, 'Pasaje Derqui 463', 1, 1, '25465117', 'I', 'SI', 1, 1, 'SI'),
(28, 1, '40', 'Tuninetti, Susana', '000', 'xxx', 'NDA=', 5, 'Av San Martin 615', 1, 1, '3886829', 'I', 'SI', 1, 1, 'SI'),
(29, 1, '41', 'Fenoglio, Susana', '000', 'xxx', 'NDE=', 1, 'Lavalle', 1, 1, '14909625', 'I', 'SI', 1, 1, 'SI'),
(30, 1, '43', 'Crisitna, Fernandez', '000', 'xxx', 'NDM=', 1, 'San Jose 556', 1, 1, '6355192', 'I', 'SI', 1, 1, 'SI'),
(31, 1, '45', 'Gabach, Graciela', '3385501240', 'gracielagabach@hotmail.com', 'NDU=', 1, '9 De Julio', 1, 1, '12452794', 'I', 'SI', 1, 1, 'SI'),
(35, 1, '52', 'Cantone, Valeria', '000', 'xxx', 'NTI=', 4, '25 De Mayo 663', 1, 1, '28813642', 'I', 'SI', 2, 1, 'SI'),
(36, 1, '53', 'Verdi, Sarita', '000', 'saritaverdi@hotmail.com', 'NTM=', 1, 'Emilio Genoud', 1, 1, '11483533', 'I', 'SI', 1, 1, 'SI'),
(38, 1, '55', 'Montagut, Betiana', '000', 'xxx', 'NTU=', 4, 'Humberto Primo 395', 1, 1, '30481457', 'I', 'SI', 2, 1, 'SI'),
(39, 1, '56', 'Guzmàn, Agustina', '000', 'xxx', 'NTY=', 4, 'Eva Peròn', 1, 1, '38419978', 'I', 'NO', 1, 1, 'SI'),
(41, 1, '60', 'Hornos, Mònica', '000', 'xxx', 'NjA=', 2, 'La Pampa 460', 1, 1, '13356318', 'I', 'SI', 2, 1, 'SI'),
(42, 1, '61', 'Ingignioli, Mary', '3385598896', 'xxx', 'NjE=', 3, 'Carlos Pellegrini y Echeverrìa', 1, 1, '5215454', 'I', 'SI', 1, 1, 'SI'),
(43, 1, '63', 'Dutto, Mònica', '3385462168', 'xxx', 'NjM=', 4, 'Carlos Pellegrini', 1, 1, '11963912', 'I', 'SI', 1, 1, 'SI'),
(45, 1, '68', 'Miglia, Gladis', '000', 'xxx', 'Njg=', NULL, 'Bernardino Ance ', 1, 1, '13196941', 'I', 'SI', 1, 1, 'SI'),
(47, 1, '73', 'Goñi, Ruperto Victorio', '3516316085', 'xxx', 'NzM=', 2, 'Zona Rural', 1, 1, '10397763', 'I', 'SI', 1, 1, 'SI'),
(48, 1, '74', 'Bisotto, Eliana', '3385415531', 'xxx', 'NzQ=', 5, 'Zona Rural', 1, 1, '32000780', 'I', 'NO', 2, 1, 'NO'),
(49, 1, '75', 'Obregòn, Marcela', '3385597930', 'xxx', 'NzU=', 2, 'Berutti', 1, 1, '17995807', 'I', 'SI', 2, 1, 'SI'),
(51, 1, '81', 'Devcic, Matia', '000', 'xxx', 'ODE=', 1, 'Urquiza 390', 1, 1, '93532295', 'I', 'SI', 1, 1, 'SI'),
(540, 1, '12', 'Ogni, Stefanìa', '3385439279', 'xxx', 'MTI=', 1, 'Urquiza 418', 1, 1, '34272580', 'I', 'SI', 2, 1, 'SI'),
(53, 1, '83', 'Armendariz, Micaela', '000', 'xxx', 'ODM=', 3, 'Av. San Martìn 464', 1, 1, '30481443', 'I', 'SI', 2, 1, 'SI'),
(54, 1, '86', 'Bolaños, Mariana', '000', 'xxx', 'ODY=', 5, 'Sabattini 575', 1, 1, '27881834', 'I', 'NO', 2, 1, 'NO'),
(55, 1, '87', 'Rabbia, Olga', '000', 'xxx', 'ODc=', 2, '9 De Julio 260', 1, 1, '14145743', 'I', 'SI', 1, 1, 'SI'),
(56, 1, '88', 'Abdol Rahman, Germana', '3385687284', 'xxx', 'ODg=', 2, 'Rivadavia y San Josè', 1, 1, '20683081', 'I', 'NO', 2, 1, 'NO'),
(57, 1, '89', 'Regis, Rita', '3385408594', 'xxx', 'ODk=', NULL, 'Rivadavia 161', 1, 1, '5815182', 'I', 'SI', 1, 1, 'SI'),
(58, 1, '91', 'Solari, Evelina Romina', '3385431900', 'evelinarominasolari85@gmail.com', 'OTE=', 4, 'Grito De Alcorta 455', 1, 1, '31767108', 'I', 'SI', 2, 1, 'SI'),
(59, 1, '93', 'Rossatto, Mercedes', '000', 'xxx', 'OTM=', 2, 'Rivadavia 588', 1, 1, '12974673', 'I', 'SI', 1, 1, 'SI'),
(60, 1, '90', 'Rivetti, Antonio', '3385409684', 'marialuisaveliz@hotmail.com', 'OTA=', 1, 'Emilio Genoud y Gabriela Mistral', 1, 1, '144232016', 'I', 'SI', 2, 1, 'SI'),
(61, 1, '96', 'Rovira, Clide', '000', 'xxx', 'OTY=', 3, 'Av San Martin 216', 1, 1, '20624402', 'I', 'NO', 1, 1, 'NO'),
(62, 1, '99', 'Salaberria, Mercedes', '000', 'xxx', 'OTk=', 1, 'Lavalle 235', 1, 1, '14145738', 'I', 'SI', 2, 1, 'SI'),
(63, 1, '102', 'Garais, Gustavo', '3385595700', 'xxx', 'MTAy', NULL, 'French', 1, 1, '14423268', 'I', 'SI', 2, 1, 'SI'),
(64, 1, '103', 'Ortiz,Alicia Nèlida', '3385466790', 'xxx', 'MTAz', NULL, 'Bernardino Ance 861', 1, 1, '44272571', 'I', 'SI', 1, 1, 'SI'),
(66, 1, '105', 'Trabucco, Marìa Alicia', '000', 'xxx', 'MTA1', 1, 'Gral Paz 594', 1, 1, '10053661', 'I', 'SI', 1, 1, 'SI'),
(68, 1, '108', 'Gallardo, Rosana Pamela', '000', 'xxx', 'MTA4', 1, 'Velez Sarfield 571', 1, 1, '25602281', 'I', 'NO', 1, 1, 'NO'),
(69, 1, '109', 'Centeno, Gisel Emilse', '000', 'xxx', 'MTA5', 3, 'Eva Peròn 276', 1, 1, '33196900', 'I', 'SI', 1, 1, 'SI'),
(70, 1, '113', 'Rovasio, Virginia Soledad', '000', 'xxx', 'MTEz', 4, 'Grito De Alcorta 459', 1, 1, '33354217', 'I', 'SI', 1, 1, 'SI'),
(71, 1, '114', 'Falcòn, Yanina Vanesa', '000', 'xxx', 'MTE0', 4, 'Carlos Gardel 950', 1, 1, '31401900', 'I', 'SI', 2, 1, 'SI'),
(73, 1, '122', 'Dutto, Jose Luis', '000', 'xxx', 'MTIy', 1, 'Rivadavia 494', 1, 1, '14423222', 'I', 'SI', 2, 1, 'SI'),
(74, 1, '123', 'Del Vigo, Jose', '000', 'xxx', 'MTIz', 1, 'Gral Roca 261', 1, 1, '8401535', 'I', 'SI', 1, 1, 'SI'),
(75, 1, '124', 'Da Silva, Norma', '000', 'xxx', 'MTI0', NULL, '9 De Julio 153', 1, 1, '10053697', 'I', 'SI', 1, 1, 'SI'),
(76, 1, '125', 'Da Silva, Raùl', '000', 'xxx', 'MTI1', 1, 'San Josè 724', 1, 1, '12452005', 'I', 'SI', 2, 1, 'SI'),
(77, 1, '126', 'Del Bosco, Alberto', '000', 'xxx', 'MTI2', 1, 'Urquiza 155', 1, 1, '6813663', 'I', 'SI', 2, 1, 'SI'),
(79, 1, '128', 'Veliz, Nadia Solange', '3385470067', 'xxx', 'MTI4', 5, 'Leopoldo Lugones 446', 1, 1, '32369034', 'I', 'SI', 2, 1, 'SI'),
(80, 1, '131', 'Ortiz, Flavia', '000', 'xxx', 'MTMx', 1, 'Bernardino Ance 771', 1, 1, '26514424', 'I', 'SI', 2, 1, 'SI'),
(81, 1, '132', 'Gastaldi, Henry', '3385402254', 'henrygastaldi@gmail.com', 'MTMy', 2, 'Belgrano 266', 1, 1, '13106341', 'I', 'SI', 2, 1, 'SI'),
(83, 1, '134', 'Cerioli, Mirta', '000', 'xxx', 'MTM0', 4, 'Av San Martin 625', 1, 1, '3774583', 'I', 'SI', 1, 1, 'SI'),
(84, 1, '135', 'Lorenzoni, Guillermo', '000', 'xxx', 'MTM1', NULL, 'Grito De Alcorta 375', 1, 1, '25139173', 'I', 'SI', 2, 1, 'SI'),
(85, 1, '137', 'Gonzalez, Delia', '000', 'xxx', 'MTM3', 2, 'Belgrano 230', 1, 1, '5215431', 'I', 'SI', 1, 1, 'SI'),
(87, 1, '151', 'Kloss, Adriana', '000', 'xxx', 'MTUx', 2, 'Rivadavia y La Pampa', 1, 1, '2813643886', 'I', 'SI', 1, 1, 'SI'),
(88, 1, '147', 'Albertengo, Angelina', '000', 'xxx', 'MTQ3', 3, 'Dr Alfredo T Bruno 353', 1, 1, '28454827', 'I', 'SI', 2, 1, 'SI'),
(89, 1, '153', 'Mascotena, Ana Maria', '3385684415', 'xxx', 'MTUz', 1, 'Ugarte', 1, 1, '11963988', 'I', 'SI', 1, 1, 'SI'),
(90, 1, '157', 'Ramon, Miriam', '3385402851', 'xxx', 'MTU3', 2, 'Còrdoba 460', 1, 1, '13196914', 'I', 'SI', 2, 1, 'SI'),
(91, 1, '158', 'Ravera, Lidia', '3385402457', 'xxx', 'MTU4', 4, 'Av San Martin 614', 1, 1, '5215422', 'I', 'SI', 1, 1, 'SI'),
(92, 1, '159', 'Salvador; Miriam', '3385463156', 'xxx', 'MTU5', 1, 'Emilio Genoud 1092', 1, 1, '11963989', 'I', 'SI', 2, 1, 'SI'),
(93, 1, '161', 'Molina, Marìa Laura', '000', 'xxx', 'MTYx', 1, '9 De Julio 929', 1, 1, '28813646', 'I', 'SI', 2, 1, 'SI'),
(94, 1, '165', 'Villegas, Marìa Celeste', '000', 'xxx', 'MTY1', NULL, 'Urquiza 236', 1, 1, '28454836', 'I', 'NO', 2, 1, 'NO'),
(96, 1, '170', 'Pomba, Debora', '000', 'xxx', 'MTcw', 5, '25 De Mayo 1076', 1, 1, '35587415', 'I', 'SI', 1, 1, 'SI'),
(97, 1, '171', 'Perrone, Marìa Graciela', '3385592855', 'xxx', 'MTcx', 1, 'Bernardino Ance', 1, 1, '14909674', 'I', 'SI', 2, 1, 'SI'),
(100, 1, '181', 'Morina, Claudio Marcelo', '3385407003', 'xxx', 'MTgx', 5, 'Ugarte 545', 1, 1, '17471874', 'I', 'SI', 1, 1, 'SI'),
(101, 1, '182', 'Bourbon, Mònica', '3385402129', 'xxx', 'MTgy', 2, 'Mariano Moreno', 1, 1, '21136006', 'I', 'SI', 2, 1, 'SI'),
(102, 1, '185', 'Bourdieu, Reynal, Valentina', '000', 'xxx', 'MTg1', 5, 'Zona Rural', 1, 1, '23888104', 'I', 'NO', 2, 1, 'NO'),
(103, 1, '186', 'Izaguirre, Claudia G.', '3385446169', 'claudiaideberra@hotmail.com', 'MTg2', 4, 'Dr. Alfredo T Bruno 675', 1, 1, '18254431', 'I', 'SI', 2, 1, 'SI'),
(104, 1, '188', 'Capello, Ana Maria', '000', 'xxx', 'MTg4', 3, 'Carlos Gardel 340', 1, 1, '14423201', 'I', 'SI', 1, 1, 'SI'),
(105, 1, '194', 'Casali, Betina', '000', 'xxx', 'MTk0', 2, 'Belgrano 167', 1, 1, '20683083', 'I', 'NO', 2, 1, 'NO'),
(106, 1, '197', 'Llanos, Silvia', '3385403169', 'xxx', 'MTk3', 1, '9 De Julio 868', 1, 1, '20683071', 'I', 'NO', 2, 1, 'NO'),
(107, 1, '198', 'Quiroga, Marìa Marta', '000', 'xxx', 'MTk4', NULL, 'San Martin 1047', 5, 1, '22296540', 'I', 'NO', 1, 1, 'NO'),
(108, 1, '199', 'Ortiz, Facundo Ivan', '000', 'xxx', 'MTk5', 4, 'Yapeyu 655', 1, 1, '39176083', 'I', 'NO', 1, 1, 'NO'),
(109, 1, '200', 'De Larrañaga, Marina', '3385409970', 'xxx', 'MjAw', 3, 'San Martin', 1, 1, '30481493', 'I', 'SI', 2, 1, 'SI'),
(110, 1, '203', 'Casali, Haydee', '000', 'xxx', 'MjAz', 1, 'Gral. Paz', 1, 1, '2519392', 'I', 'SI', 1, 1, 'SI'),
(111, 1, '205', 'Fernàndez, Gustavo', '000', 'xxx', 'MjA1', 1, '25 De Mayo 643', 1, 1, '21695030', 'I', 'SI', 2, 1, 'SI'),
(112, 1, '206', 'Garais, Adriàn', '3385407691', 'xxx', 'MjA2', 3, 'Av San Martìn 226', 1, 1, '17995828', 'I', 'SI', 2, 1, 'SI'),
(113, 1, '211', 'Galarza, Marìa Cecilia', '000', 'xxx', 'MjEx', 1, 'San Josè 545', 1, 1, '17995831', 'I', 'SI', 1, 1, 'SI'),
(114, 1, '213', 'Pomba, Cintia Noelia', '000', 'xxx', 'MjEz', 4, 'Eva Peròn 594', 1, 1, '31767178', 'I', 'SI', 2, 1, 'SI'),
(553, 1, '54', 'Molina, Marìa Verònica', '3385525822', 'xxx', 'NTQ=', NULL, 'Arturo Illia 255', 1, 1, '27881853', 'I', 'SI', 2, 1, 'SI'),
(116, 1, '215', 'Urquiza, Mavi', '000', 'xxx', 'MjE1', 4, 'Grito De Alcorta ', 1, 1, '39543421', 'I', 'SI', 2, 1, 'SI'),
(117, 1, '216', 'Notta, Alejandra', '000', 'xxx', 'MjE2', 4, 'Av, San Martìn', 1, 1, '27169357', 'I', 'SI', 1, 1, 'SI'),
(118, 1, '217', 'Taborda, Silvia Alicia', '3385595012', 'xxx', 'MjE3', 2, 'Còrdoba, 451', 1, 1, '21695060', 'I', 'SI', 2, 1, 'SI'),
(119, 1, '218', 'Longhi, Ana Rosa', '3584124480', 'anarosalonghi@hotmail.com', 'MjE4', 1, 'Urquiza', 1, 1, '4266650', 'I', 'SI', 1, 1, 'SI'),
(120, 1, '219', 'Palloni, Silvia Raquel', '3385480408', 'xxx', 'MjE5', NULL, 'French 366', 1, 1, '13420233', 'I', 'SI', 2, 1, 'SI'),
(121, 1, '221', 'Trabucco, Oscar', '3585606054', 'xxx', 'MjIx', 5, 'Lavalle 236', 1, 1, '7824143', 'I', 'SI', 2, 1, 'SI'),
(122, 1, '223', 'Bernardi, Marìa Paula', '000', 'xxx', 'MjIz', 4, 'Carlos Pellegrini y Echeverrìa', 1, 1, '34789416', 'I', 'NO', 2, 1, 'NO'),
(123, 1, '225', 'Bonetto, Marìa Cristina', '3385461612', 'xxx', 'MjI1', 1, 'Urquiza 408', 1, 1, '17906798', 'I', 'SI', 2, 1, 'SI'),
(124, 1, '226', 'Perlo, Silvina', '000', 'xxx', 'MjI2', 2, 'Belgrano 157', 1, 1, '12254409', 'I', 'SI', 2, 1, 'SI'),
(125, 1, '228', 'Garattoni, Marina', '000', 'xxx', 'MjI4', 5, 'Sarmiento', 1, 1, '33146817', 'I', 'SI', 1, 1, 'SI'),
(127, 1, '210', 'Garattoni, Natalia', '000', 'xxx', 'MjEw', 5, 'Carlos Gardel', 1, 1, '30481431', 'I', 'SI', 1, 1, 'SI'),
(128, 1, '234', 'Vignolles, Marìa Victoria', '000', 'xxx', 'MjM0', 2, 'Bernardino Ance 451', 1, 1, '13643806', 'I', 'SI', 1, 1, 'SI'),
(554, 1, '57', 'Melina, Ponzio', '3385596304', 'xxx', 'NTc=', 2, 'Emilio Genoud 145', 1, 1, '35671855', 'I', 'SI', 2, 1, 'SI'),
(130, 1, '236', 'Masi, Carlos', '000', 'xxx', 'MjM2', 3, 'Dr. Alfredo T.Bruno 301', 1, 1, '27169381', 'I', 'SI', 2, 1, 'SI'),
(131, 1, '239', 'Granero, Gerardo', '3385405395', 'imprentagranero@hotmail.com', 'MjM5', 1, 'Lavalle 264', 1, 1, '29562536', 'I', 'SI', 2, 1, 'SI'),
(132, 1, '240', 'Aguetti, Josè Luis', '000', 'xxx', 'MjQw', 5, 'Bernardino Ance 732', 1, 1, '27169367', 'I', 'SI', 1, 1, 'SI'),
(535, 1, '614', 'Mezzo, Paula', '3517060345', 'paumezzo526@gmail.com', 'NjE0', NULL, 'French 376', 1, 1, '34272526', 'I', 'SI', 2, 1, 'SI'),
(481, 1, '542', 'Dominguez, Yamila', '3385463083', 'yamidominguez@gmail.com', 'NTQy', 4, 'Arturo Illia 284', 1, 1, '40028451', 'I', 'SI', 1, 1, 'SI'),
(134, 1, '242', 'Dutto, Maria Elda', '000', 'xxx', 'MjQy', 4, 'España 530', 1, 1, '12974684', 'I', 'SI', 1, 1, 'SI'),
(135, 1, '243', 'Cambria, Alicia', '3385409698', 'xxx', 'MjQz', 1, 'Ugarte 160', 1, 1, '4742352', 'I', 'SI', 1, 1, 'SI'),
(136, 1, '246', 'Chaves, Carlos', '3385596801', 'xxx', 'MjQ2', 2, 'San Josè 469', 1, 1, '11866883', 'I', 'SI', 1, 1, 'SI'),
(137, 1, '247', 'Robles, Laura', '000', 'xxx', 'MjQ3', 3, 'España', 1, 1, '25175595', 'I', 'SI', 1, 1, 'SI'),
(138, 1, '248', 'Vincenti, Paola', '3385501565', 'xxx', 'MjQ4', 4, 'Illia 515', 1, 1, '23939382', 'I', 'SI', 2, 1, 'SI'),
(139, 1, '254', 'Gonzalez, Lucia Damiana', '000', 'xxx', 'MjU0', 3, 'Carlos Gardel 447', 1, 1, '37440870', 'I', 'SI', 1, 1, 'SI'),
(140, 1, '255', 'Oddovero, Liliana', '3385443466', 'xxx', 'MjU1', 5, 'Moreno y San Josè', 1, 1, '14145780', 'I', 'SI', 1, 1, 'SI'),
(141, 1, '257', 'Guiñazù, Marìa Victoria', '000', 'xxx', 'MjU3', 2, 'Rivadavia 745', 1, 1, '40921950', 'I', 'SI', 1, 1, 'SI'),
(142, 1, '259', 'Luna, Tatiana', '3385683727', 'xxx', 'MjU5', 1, '90 De Julio 980', 1, 1, '33881685', 'I', 'SI', 2, 1, 'SI'),
(143, 1, '260', 'Buraschi, Marìa Ignacia', '000', 'xxx', 'MjYw', 1, 'Leopoldo Lugones', 1, 1, '26785847', 'I', 'SI', 1, 1, 'SI'),
(144, 1, '261', 'Fenoglio, Silvia', '000', 'xxx', 'MjYx', 2, 'Belgrano', 1, 1, '12695081', 'I', 'SI', 2, 1, 'SI'),
(147, 1, '266', 'Falco, Susana', '000', 'xxx', 'MjY2', 3, 'Av San Martin 455', 1, 1, '11173230', 'I', 'SI', 1, 1, 'SI'),
(148, 1, '268', 'Vincenti, Vanesa', '3385435187', 'xxx', 'MjY4', 2, 'Berutti', 1, 1, '21762747', 'I', 'SI', 2, 1, 'SI'),
(149, 1, '271', 'Gonzalez, Blanca', '000', 'xxx', 'Mjcx', 3, 'España 442', 1, 1, '10253210', 'I', 'SI', 1, 1, 'SI'),
(150, 1, '272', 'Vignolles, Marìa Celia', '000', 'xxx', 'Mjcy', 4, 'Grito de Alcorta', 1, 1, '23272010', 'I', 'SI', 2, 1, 'SI'),
(151, 1, '273', 'Aguilera, Carlos Roberto', '000', 'xxx', 'Mjcz', NULL, 'Eva Peròn 952', 1, 1, '14423236', 'I', 'SI', 2, 1, 'SI'),
(152, 1, '276', 'Campana, Marìa Belen', '000', 'xxx', 'Mjc2', 2, 'Belgrano 501', 1, 1, '39176080', 'I', 'SI', 1, 1, 'SI'),
(153, 1, '277', 'Vincenti, Julia', '3515469427', 'xxx', 'Mjc3', 3, 'Av San Martìn 431', 1, 1, '6648377', 'I', 'SI', 1, 1, 'SI'),
(154, 1, '278', 'Vera, Carla', '000', 'xxx', 'Mjc4', 1, 'Avellaneda', 1, 1, '31767127', 'I', 'NO', 1, 1, 'NO'),
(155, 1, '279', 'Abod, Carlos', '3385400133', 'xxx', 'Mjc5', 1, '9 De Julio 774', 1, 1, '14053869', 'I', 'SI', 2, 1, 'SI'),
(156, 1, '280', 'Ferreira, Elba', '000', 'xxx', 'Mjgw', 4, 'Paso De Los Andes 698', 1, 1, '5215479', 'I', 'SI', 2, 1, 'SI'),
(157, 1, '281', 'Thomas, Tamara Viviana', '3385405201', 'xxx', 'Mjgx', NULL, 'Carlos Pellegrini', 1, 1, '30481423', 'I', 'NO', 2, 1, 'NO'),
(158, 1, '283', 'Araujo, Mariana', '000', 'xxx', 'Mjgz', 3, 'Italia 172', 1, 1, '34025505', 'I', 'SI', 2, 1, 'SI'),
(159, 1, '284', 'Perez, Valeria', '', 'xxx', 'Mjg0', 5, 'Carlos Gardel 995', 1, 1, '27164384', 'I', 'SI', 2, 1, 'SI'),
(160, 1, '282', 'Gomez, Eliana Sofia', '000', 'xxx', 'Mjgy', 5, 'Arturo Illia 381', 1, 1, '38158062', 'I', 'NO', 1, 1, 'NO'),
(161, 1, '285', 'Peralta, Stella Maris', '000', 'xxx', 'Mjg1', 2, 'Rivadavia 783', 1, 1, '30481409', 'I', 'SI', 2, 1, 'SI'),
(162, 1, '286', 'Barcelò, Anabela', '000', 'xxx', 'Mjg2', 2, 'Rivadavia 183', 1, 1, '36005877', 'I', 'NO', 2, 1, 'NO'),
(163, 1, '287', 'Romàn, Marìa Noelia', '3385405553', 'xxx', 'Mjg3', 4, 'Carlos Pellegrini 475', 1, 1, '34789417', 'I', 'SI', 1, 1, 'SI'),
(164, 1, '289', 'Peri, Sabrina', '000', 'xxx', 'Mjg5', 1, 'Emilio Genoud 1304', 1, 1, '28052057', 'I', 'SI', 2, 1, 'SI'),
(166, 1, '291', 'Dominguez, Lucìa', '000', 'xxx', 'Mjkx', 1, 'Emilio Genoud 921', 1, 1, '36309497', 'I', 'SI', 2, 1, 'SI'),
(167, 1, '295', 'Ceballos, Valentina', '000', 'xxx', 'Mjk1', 1, 'Venezuela 124', 1, 1, '43136074', 'I', 'SI', 1, 1, 'SI'),
(168, 1, '297', 'Fenoglio, Fabiola', '3385445271', 'xxx', 'Mjk3', 2, 'La Pampa 463', 1, 1, '24878362', 'I', 'SI', 2, 1, 'SI'),
(386, 1, '393', 'Idiart, Guillermo Andrès', '3385404247/3385480175', 'xxx', 'Mzkz', NULL, 'Arturo Illia 246', 1, 1, '30721201', 'I', 'SI', 1, 1, 'SI'),
(171, 1, '300', 'Perez, Silvio', '3385599608', 'xxx', 'MzAw', 5, 'French 353', 1, 1, '24585593', 'I', 'SI', 1, 1, 'SI'),
(172, 1, '301', 'Fernandez, Ynes Ysabel', '000', 'xxx', 'MzAx', 5, 'Mariano Moreno 575', 1, 1, '13196364', 'I', 'SI', 1, 1, 'SI'),
(173, 1, '302', 'Cambrìa, Paola', '000', 'xxx', 'MzAy', 1, 'Gral Paz 413', 1, 1, '30070840', 'I', 'SI', 2, 1, 'SI'),
(174, 1, '303', 'Berra, Marìa Sylvana', '3385449428', 'sylvanaberra@hotmail.com', 'MzAz', 1, 'French 376', 1, 1, '18254441', 'I', 'SI', 1, 1, 'SI'),
(175, 1, '304', 'Masceratta, Rosario', '3385405121', 'xxx', 'MzA0', 2, '25 De Mayo 351', 1, 1, '23141601', 'I', 'SI', 1, 1, 'SI'),
(176, 1, '305', 'Casali, Cecilia', '000', 'xxx', 'MzA1', 4, 'España 772', 1, 1, '36605198', 'I', 'SI', 2, 1, 'SI'),
(177, 1, '308', 'Rossatto, Marìa Elena', '3385593665', 'xxx', 'MzA4', 1, '25 De Mayo 636', 1, 1, '24878374', 'I', 'SI', 2, 1, 'SI'),
(178, 1, '309', 'Colombo, Ricardo Enrique', '000', 'xxx', 'MzA5', 1, 'Venezuela 164', 1, 1, '27896603', 'I', 'SI', 1, 1, 'SI'),
(179, 1, '311', 'Granero, Hugo', '3385406363', 'xxx', 'MzEx', 4, 'Emilio Olmos', 1, 1, '10397737', 'I', 'SI', 1, 1, 'SI'),
(180, 1, '312', 'Fernandez, Lorena', '000', 'xxx', 'MzEy', 4, 'Humberto Primo 676', 1, 1, '27940363', 'I', 'NO', 1, 1, 'NO'),
(530, 1, '608', 'Giraudo, Lorena', '3583431012', 'giraudolorena8@gmail.com', 'NjA4', 3, 'Av. San Martìn 249', 1, 1, '32228552', 'I', 'SI', 2, 1, 'SI'),
(182, 1, '316', 'Acosta, Jorge', '000', 'xxx', 'MzE2', 3, 'Eva Peron 310', 1, 1, '29962759', 'I', 'NO', 1, 1, 'NO'),
(183, 1, '317', 'Lòpez, Germàn', '000', 'xxx', 'MzE3', 4, 'Combate de San Lorenzo 667', 1, 1, '33006887', 'I', 'NO', 1, 1, 'NO'),
(184, 1, '318', 'Chamorro, Valentina', '000', 'xxx', 'MzE4', 5, 'Còrdoba 139', 2, 1, '42525556', 'I', 'NO', 1, 1, 'NO'),
(185, 1, '320', 'Suarez, Silvia', '000', 'xxx', 'MzIw', 4, 'Humberto Primo 673', 1, 1, '36603143', 'I', 'NO', 1, 1, 'NO'),
(186, 1, '323', 'Pomba, Natalia', '000', 'xxx', 'MzIz', 5, '9 de Julio 839', 1, 1, '31767145', 'I', 'SI', 1, 1, 'SI'),
(534, 1, '613', 'Suàrez, Herman', '3385551797', 'xxx', 'NjEz', 1, 'Rivadavia 477', 1, 1, '34789478', 'I', 'SI', 2, 1, 'SI'),
(188, 1, '327', 'Bayma, Cristina', '000', 'xxx', 'MzI3', 4, 'Carlos Gardel ', 1, 1, '7795409', 'I', 'SI', 1, 1, 'SI'),
(190, 1, '332', 'De Vincenzi, Valeria', '000', 'xxx', 'MzMy', 4, 'España 957', 1, 1, '32369066', 'I', 'NO', 2, 1, 'NO'),
(191, 1, '335', 'Bàrcena, Macarena', '3517046724', 'xxx', 'MzM1', NULL, 'Av. San Martìn 601', 1, 1, '33146895', 'I', 'NO', 1, 1, 'NO'),
(192, 1, '336', 'Fernàndez, Ester', '000', 'xxx', 'MzM2', NULL, 'Eva Peròn 676', 1, 1, '11483504', 'I', 'SI', 1, 1, 'SI'),
(193, 1, '338', 'Heredia, Marìa Soledad', '000', 'xxx', 'MzM4', NULL, 'Agustìn Sanguinetti 835', 1, 1, '26223954', 'I', 'NO', 2, 1, 'NO'),
(194, 1, '340', 'Guevara, Santusa', '000', 'xxx', 'MzQw', 5, 'Eva Peròn 433', 1, 1, '20262290', 'I', 'NO', 2, 1, 'NO'),
(195, 1, '341', 'Fraire, Marta', '3385684750', 'martafaire@hotmail.com', 'MzQx', 3, 'Av San Martìn 325', 1, 1, '6657792', 'I', 'SI', 1, 1, 'SI'),
(197, 1, '343', 'Perrone, Gabriela', '000', 'xxx', 'MzQz', NULL, 'Sarmiento 573', 1, 1, '17704010', 'I', 'NO', 2, 1, 'NO'),
(199, 1, '345', 'Falco, Marìa Inès', '000', 'xxx', 'MzQ1', 3, 'Italia 142', 1, 1, '12452085', 'I', 'SI', 2, 1, 'SI'),
(200, 1, '347', 'Del Vigo, Carolina', '000', 'xxx', 'MzQ3', 1, 'Francisco Martelli', 1, 1, '27502804', 'I', 'SI', 2, 1, 'SI'),
(202, 1, '349', 'Giraudo, Alicia', '000', 'xxx', 'MzQ5', 2, 'Gral. Paz 446', 1, 1, '11963945', 'I', 'SI', 1, 1, 'SI'),
(203, 1, '355', 'Izaguirre, Sandra', '3385432760', 'xxx', 'MzU1', 4, 'Martìn M. Guemes 553', 1, 1, '26785045', 'I', 'SI', 2, 1, 'SI'),
(537, 1, '616', 'Magallanes, Micaela Valentina', '3385555187', 'micavalenmagallanes@gmail.com', 'NjE2', 5, 'C. Pellegrini ', 1, 1, '45562907', 'I', 'SI', 2, 1, 'SI'),
(206, 1, '362', 'Lanari, Lorena', '000', 'xxx', 'MzYy', 2, 'San Josè 220', 1, 1, '28882786', 'I', 'SI', 2, 1, 'SI'),
(207, 1, '363', 'Ponzi, Raùl', '3385442421', 'xxx', 'MzYz', 1, 'Lavalle 263', 1, 1, '14145747', 'I', 'SI', 2, 1, 'SI'),
(208, 1, '366', 'Molina, Martha Graciela', '000', 'xxx', 'MzY2', 2, 'Emilio Genoud 255', 1, 1, '12974668', 'I', 'SI', 1, 1, 'SI'),
(209, 1, '368', 'Gallardo, Andrea Fabiana', '000', 'xxx', 'MzY4', 5, 'San Josè 259', 1, 1, '28705578', 'I', 'NO', 2, 1, 'NO'),
(210, 1, '369', 'Lugarisaristi, Ma. de los Àngeles', '000', 'xxx', 'MzY5', 5, 'Emilio Genoud 109', 1, 1, '30431413', 'I', 'NO', 2, 1, 'SI'),
(211, 1, '371', 'Casamayoret, Roberto', '000', 'xxx', 'Mzcx', 1, 'Urquiza 570', 1, 1, '34036026', 'I', 'SI', 1, 1, 'SI'),
(538, 1, '609', 'Tapia, Colque Abigail', '3385597761', 'siomitapia@gmail.com', 'NjA5', NULL, 'Rivadavia 147', 1, 1, '95707130', 'I', 'SI', 2, 1, 'SI'),
(213, 1, '378', 'Fraire, Blanca', '3385468352', 'blancafraire@hotmail.com', 'Mzc4', 3, 'Av San Martin 365', 1, 1, '4742325', 'I', 'SI', 1, 1, 'SI'),
(214, 1, '379', 'Casali, Patricia', '000', 'xxx', 'Mzc5', 3, 'Dr. Alfredo T. Bruno', 1, 1, '14145783', 'I', 'SI', 2, 1, 'SI'),
(217, 1, '389', 'Fornero, Eliana', '000', 'xxx', 'Mzg5', 4, 'Arturo Illia 264', 1, 1, '33146883', 'I', 'SI', 1, 1, 'SI'),
(218, 1, '390', 'Bessone, Juliana', '000', 'xxx', 'Mzkw', 4, 'Grito de Alcorta 271', 1, 1, '25461135', 'I', 'SI', 1, 1, 'SI'),
(219, 1, '394', 'Palenzona, Analìa', '3385646449', 'xxx', 'Mzk0', 4, 'España', 1, 1, '24878378', 'I', 'NO', 1, 1, 'NO'),
(220, 1, '395', 'Veliz, Viviana', '000', 'xxx', 'Mzk1', 1, 'Venezuela', 1, 1, '23272033', 'I', 'SI', 2, 1, 'SI'),
(221, 1, '398', 'Bonè, Susana', '000', 'xxx', 'Mzk4', 2, '25 De Mayo y M. Moreno', 1, 1, '10397799', 'I', 'SI', 1, 1, 'SI'),
(222, 1, '399', 'Donadìo, Silvana', '000', 'xxx', 'Mzk5', NULL, 'Belgrano 244', 1, 1, '17160549', 'I', 'SI', 1, 1, 'SI'),
(223, 1, '404', 'Ortiz, Claudio Fabiàn', '3385431086', 'xxx', 'NDA0', 3, 'España 445', 1, 1, '23625075', 'I', 'SI', 2, 1, 'SI'),
(224, 1, '407', 'Pèrez, Marìa Silvina', '000', 'xxx', 'NDA3', 4, 'Martìn M. Güemes 805', 1, 1, '24585920', 'I', 'NO', 2, 1, 'NO'),
(225, 1, '409', 'Gelabert, Silvia', '000', 'xxx', 'NDA5', NULL, 'Humberto Primo 176', 1, 1, '24319117', 'I', 'SI', 2, 1, 'SI'),
(226, 1, '415', 'Beltramone, Ma. Eugenia', '3385439533', 'xxx', 'NDE1', 1, 'Perù 652', 1, 1, '27632272', 'I', 'SI', 2, 1, 'SI'),
(228, 1, '418', 'Ruiz, Andrea', '3385465193', 'xxx', 'NDE4', 4, 'Grito de Alcorta 532', 1, 1, '22797023', 'I', 'SI', 2, 1, 'SI'),
(229, 1, '426', 'Gurrea, Claudia', '3385435326', 'xxx', 'NDI2', 3, 'Av. San Martìn ', 1, 1, '17160556', 'I', 'SI', 2, 1, 'SI'),
(230, 1, '429', 'Fernàndez, Julio', '000', 'xxx', 'NDI5', 1, 'Lavalle', 1, 1, '11901704', 'I', 'SI', 2, 1, 'SI'),
(231, 1, '431', 'Canavesio, Analìa', '000', 'xxx', 'NDMx', 4, 'Arturo Illia', 1, 1, '28454825', 'I', 'SI', 1, 1, 'SI'),
(233, 1, '434', 'Obregòn, Mariela', '000', 'xxx', 'NDM0', 3, 'Av San Martìn 350', 1, 1, '24202077', 'I', 'SI', 2, 1, 'SI'),
(234, 1, '437', 'Chichiolli, Ma. Cristina', '000', 'xxx', 'NDM3', 2, 'F. Martelli 475', 1, 1, '17160565', 'I', 'SI', 2, 1, 'SI'),
(235, 1, '451', 'Sarry, Marìa  Esther', '000', 'xxx', 'NDUx', 3, 'Carlos Gardel 414', 1, 1, '4669384', 'I', 'SI', 1, 1, 'SI'),
(236, 1, '446', 'Ceballos, Marìa Laura', '000', 'xxx', 'NDQ2', NULL, 'Italia 566', 1, 1, '23973338', 'I', 'NO', 2, 1, 'NO'),
(237, 1, '456', 'Rodriguez, Itatì', '000', 'xxx', 'NDU2', 1, 'San Josè 845', 1, 1, '29048803', 'I', 'SI', 1, 1, 'SI'),
(239, 1, '468', 'Carreño, Hayde', '3385406638', 'xxx', 'NDY4', 5, 'La Cautiva', 2, 1, '10799267', 'I', 'SI', 1, 1, 'SI'),
(240, 1, '487', 'Ponzio, Mabel', '000', 'xxx', 'NDg3', 2, 'Emilio Genoud 303', 1, 1, '17028092', 'I', 'SI', 1, 1, 'SI'),
(241, 1, '493', 'Toledo, Marina', '000', 'xxx', 'NDkz', 4, 'Paso de Los Andes 562', 1, 1, '31789884', 'I', 'NO', 2, 1, 'NO'),
(242, 1, '499', 'Pomba, Cecilia', '000', 'xxx', 'NDk5', 1, '25 De Mayo 1029', 1, 1, '30481437', 'I', 'SI', 1, 1, 'SI'),
(244, 1, '502', 'Kelly, Marìa Isabel', '3385687521', 'xxx', 'NTAy', 1, '25 De Mayo 725', 1, 1, '10647891', 'I', 'SI', 1, 1, 'SI'),
(245, 1, '503', 'Palacio, Nora', '000', 'xxx', 'NTAz', 5, 'Dr. Alfreto T Bruno 562', 1, 1, '13590616', 'I', 'SI', 2, 1, 'SI'),
(246, 1, '509', 'Goicochea, Raùl', '000', 'xxx', 'NTA5', 1, 'Gral Paz 134', 1, 1, '6563145', 'I', 'SI', 1, 1, 'SI'),
(247, 1, '510', 'Pomba, Analìa', '000', 'xxx', 'NTEw', 5, 'Còrdoba', 1, 1, '22149988', 'I', 'SI', 2, 1, 'SI'),
(248, 1, '511', 'Elkfury, Micaela', '000', 'xxx', 'NTEx', 4, 'Marìa T. Echeverrìa 730', 1, 1, '34368584', 'I', 'SI', 2, 1, 'SI'),
(249, 1, '512', 'Del Vigo, Ana Laura', '3385409657', 'xxx', 'NTEy', 3, 'Italia 147', 1, 1, '31767193', 'I', 'SI', 2, 1, 'SI'),
(250, 1, '515', 'Dip, Silvia', '000', 'xxx', 'NTE1', 2, 'Córdoba', 1, 1, '24878393', 'I', 'SI', 1, 1, 'SI'),
(252, 1, '517', 'Guzmàn, Carla', '3385447592', 'xxx', 'NTE3', 3, 'Av San Martìn 211', 1, 1, '31767144', 'I', 'SI', 2, 1, 'SI'),
(253, 1, '541', 'Pons, Graciela', '3385436658', 'xxx', 'NTQx', 5, 'Arturo Illia 260', 1, 1, '5215458', 'I', 'SI', 1, 1, 'SI'),
(254, 1, '552', 'Rosolin, Rosa Angela Edit', '000', 'xxx', 'NTUy', 1, 'French', 1, 1, '20817675', 'I', 'SI', 2, 1, 'SI'),
(255, 1, '555', 'Bersia, Edelma Alicia', '000', 'xxx', 'NTU1', 4, 'Grito de Alcorta 278', 1, 1, '13196955', 'I', 'SI', 1, 1, 'SI'),
(256, 1, '558', 'Rabbia, Javier Rodrigo', '000', 'xxx', 'NTU4', 4, 'Carlos Gardel 924', 1, 1, '34789442', 'I', 'NO', 2, 1, 'NO'),
(257, 1, '573', 'Cerutti, Luis Alberto', '000', 'xxx', 'NTcz', 2, 'Emilio Genoud 252', 1, 1, '14145729', 'I', 'SI', 2, 1, 'SI'),
(258, 1, '574', 'Bonè, Cristina', '000', 'xxx', 'NTc0', NULL, 'Emilio Genoud 251', 1, 1, '22588565', 'I', 'SI', 2, 1, 'SI'),
(259, 1, '577', 'Piccatto, Alicia', '000', 'xxx', 'NTc3', 1, 'Emilio Genoud 1069', 1, 1, '37440899', 'I', 'SI', 1, 1, 'SI'),
(260, 1, '585', 'Montes, Susana', '000', 'xxx', 'NTg1', 3, 'Italia', 1, 1, '16643662', 'I', 'SI', 1, 1, 'SI'),
(261, 1, '588', 'Devcic, Antonio', '000', 'xxx', 'NTg4', 2, 'Av. Gral. Roca 231', 1, 1, '6642632', 'I', 'SI', 1, 1, 'SI'),
(262, 1, '592', 'Marchiando, Beatriz', '000', 'xxx', 'NTky', 2, 'Emilio Genoud ', 1, 1, '4742385', 'I', 'SI', 1, 1, 'SI'),
(263, 1, '562', 'Gonzalez, Marìa Paz', '000', 'xxx', 'NTYy', NULL, '25 De Mayo 276', 1, 1, '24878373', 'I', 'SI', 2, 1, 'SI'),
(264, 1, '569', 'Donadìo, Darìo', '000', 'xxx', 'NTY5', 1, 'Avellaneda y B. Ance', 1, 1, '25175583', 'I', 'SI', 2, 1, 'SI'),
(265, 1, '610', 'Scheffer, Andrea', '000', 'xxx', 'NjEw', 5, 'Italia 190', 1, 1, '27169387', 'I', 'SI', 2, 1, 'SI'),
(266, 1, '611', 'Brizzio, Rosana', '000', 'xxx', 'NjEx', 4, 'Grito de Alcorta 354', 1, 1, '18254420', 'I', 'SI', 2, 1, 'SI'),
(267, 1, '617', 'Pomba, Carolina', '000', 'xxx', 'NjE3', 2, 'Carlos Pellegrini', 1, 1, '25911942', 'I', 'NO', 1, 1, 'NO'),
(268, 1, '618', 'Cerutti, Mirna', '000', 'xxx', 'NjE4', 1, '25 De Mayo', 1, 1, '11483549', 'I', 'SI', 1, 1, 'SI'),
(269, 1, '620', 'Escudero, Dora', '000', 'xxx', 'NjIw', NULL, 'Avellaneda 633', 1, 1, '12670050', 'I', 'SI', 1, 1, 'SI'),
(270, 1, '626', 'Donadìo, Adriana', '3385504986', 'xxx', 'NjI2', NULL, '2525 De Mayo 523', 1, 1, '14145749', 'I', 'SI', 1, 1, 'SI'),
(271, 1, '628', 'Salvador, Bettina', '3385463157', 'xxx', 'NjI4', 2, 'Còrdoba y Mariano Moreno', 1, 1, '20325374', 'I', 'SI', 1, 1, 'SI'),
(272, 1, '634', 'Poli, Rosana', '000', 'xxx', 'NjM0', 4, 'Dr. Alfredo T. Bruno 895', 1, 1, '17995818', 'I', 'SI', 2, 1, 'SI'),
(273, 1, '639', 'Antonioni, Tania', '000', 'xxx', 'NjM5', 1, '9 de Julio', 1, 1, '21695089', 'I', 'SI', 2, 1, 'SI'),
(274, 1, '642', 'Viotti, Romina', '3385400016', 'xxx', 'NjQy', 2, 'Còrdoba 466', 1, 1, '25911927', 'I', 'SI', 2, 1, 'SI'),
(275, 1, '653', 'Cordero, Jorge', '3385407296', 'xxx', 'NjUz', 5, 'Berutti', 1, 1, '16654644', 'I', 'SI', 1, 1, 'SI'),
(276, 1, '655', 'Aguilera, Alicia', '000', 'xxx', 'NjU1', 1, 'Mèxico', 1, 1, '27881900', 'I', 'SI', 1, 1, 'SI'),
(277, 1, '661', 'Gaiardo, Elida', '000', 'xxx', 'NjYx', NULL, '25 De Mayo', 1, 1, '11483519', 'I', 'SI', 2, 1, 'SI'),
(278, 1, '664', 'Villaruel, Jorge', '000', 'xxx', 'NjY0', NULL, '25 De Mayo 851', 1, 1, '24202081', 'I', 'SI', 1, 1, 'SI'),
(279, 1, '666', 'Alvarez Guiñazù, Margot', '000', 'xxx', 'NjY2', 4, 'Dr. Alfredo T. Bruno 578', 1, 1, '34272536', 'I', 'SI', 2, 1, 'SI'),
(280, 1, '676', 'Morales, Ariela', '000', 'xxx', 'Njc2', 5, 'Estancia Tinamù', 1, 1, '29399824', 'I', 'NO', 2, 1, 'NO'),
(282, 1, '681', 'Torres, Alejandra', '000', 'xxx', 'Njgx', 2, '25 De Mayo 420', 1, 1, '23657735', 'I', 'NO', 2, 1, 'NO'),
(284, 1, '691', 'Di Renzi, Ana Beatriz', '000', 'xxx', 'Njkx', 5, 'Pioneros del Lago 396', 1, 1, '22001916', 'I', 'NO', 2, 1, 'NO'),
(285, 1, '692', 'Cordoba, Marìa Eugenia', '000', 'xxx', 'Njky', 1, 'Emilio Genoud 750', 1, 1, '21913787', 'I', 'SI', 2, 1, 'SI'),
(287, 1, '698', 'Pomba, Edelma', '000', 'xxx', 'Njk4', 1, 'Urquiza 219', 1, 1, '4742368', 'I', 'SI', 1, 1, 'SI'),
(288, 1, '670', 'Viotti, Mònica', '3385469150', 'xxx', 'Njcw', 1, 'Gabriel Mistral 363', 1, 1, '22305951', 'I', 'SI', 1, 1, 'SI'),
(289, 1, '706', 'Domingo, Susana', '000', 'xxx', 'NzA2', 1, '9 De Julio 560', 1, 1, '10847791', 'I', 'SI', 1, 1, 'SI'),
(291, 1, '715', 'Puyuelo, Alejandra', '3385448087', 'xxx', 'NzE1', 1, 'Lavalle 357', 1, 1, '23883200', 'I', 'SI', 1, 1, 'SI'),
(292, 1, '718', 'Turello, Silvina', '000', 'xxx', 'NzE4', 2, 'B. Ance 259', 1, 1, '21020851', 'I', 'SI', 1, 1, 'SI'),
(293, 1, '719', 'Arpellino, Silvia Susana', '3385402402', 'caielaboulaye@gmail.com', 'NzE5', 1, '9 De Julio 950', 1, 1, '21695457', 'I', 'SI', 1, 1, 'SI'),
(294, 1, '721', 'Benitez, Silvana Laura', '3385438500', 'xxx', 'NzIx', 4, 'Sarmiento 781', 1, 1, '27881859', 'I', 'SI', 2, 1, 'SI'),
(296, 1, '724', 'Bessone, Nancy', '000', 'xxx', 'NzI0', 2, 'Còrdoba', 1, 1, '18252414', 'I', 'SI', 1, 1, 'SI'),
(297, 1, '730', 'Lorenzo, Raùl', '3385460220', 'xxx', 'NzMw', NULL, 'Leopoldo Lugones 361', 1, 1, '17028052', 'I', 'SI', 2, 1, 'SI'),
(299, 1, '734', 'Bernaconi, Mabel', '3385431825', 'xxx', 'NzM0', 1, 'Emilio Genoud 748', 1, 1, '2215488', 'I', 'SI', 1, 1, 'SI'),
(300, 1, '737', 'Parra, Francisco', '1121713469', 'xxx', 'NzM3', 3, 'Av San Martìn 454', 1, 1, '11310438', 'I', 'SI', 2, 1, 'SI'),
(301, 1, '744', 'Dutto, Marta Isabel', '3385403375', 'xxx', 'NzQ0', 2, 'Mariano Moreno 243', 1, 1, '4742351', 'I', 'SI', 1, 1, 'SI'),
(302, 1, '745', 'Dominguez, Natalia', '3385597211', 'xxx', 'NzQ1', 5, 'Grito de Alcorta', 1, 1, '30005934', 'I', 'SI', 2, 1, 'SI'),
(303, 1, '748', 'Aguetti, Silvia', '000', 'xxx', 'NzQ4', 4, 'España 943', 1, 1, '20683025', 'I', 'SI', 1, 1, 'SI'),
(304, 1, '750', 'Gallo, Paola', '000', 'xxx', 'NzUw', 2, 'Gral Roca 133', 1, 1, '23272008', 'I', 'SI', 2, 1, 'SI'),
(305, 1, '773', 'Fornero, Elsa', '000', 'xxx', 'Nzcz', 4, 'Carlos Gardel 747', 1, 1, '5215414', 'I', 'SI', 1, 1, 'SI'),
(306, 1, '791', 'Molina, Vanesa', '3385441163', 'xxx', 'Nzkx', 2, 'Belgrano', 1, 1, '27632276', 'I', 'SI', 1, 1, 'SI'),
(308, 1, '792', 'Martinelli, Ricardo', '000', 'xxx', 'Nzky', 1, 'Gral Roca 122', 1, 1, '6656515', 'I', 'SI', 2, 1, 'SI'),
(309, 1, '795', 'Androetto, Adriana', '000', 'xxx', 'Nzk1', 1, 'Avellaneda 443', 1, 1, '22890139', 'I', 'NO', 2, 1, 'NO'),
(310, 1, '798', 'Ravera, Mariela', '000', 'xxx', 'Nzk4', 1, 'Bernardino Ance y Leopoldo Lugones', 1, 1, '26514421', 'I', 'SI', 2, 1, 'SI'),
(311, 1, '802', 'Granero, Silvina', '000', 'xxx', 'ODAy', 4, 'Dr. Alfredo T Bruno 576', 1, 1, '26514430', 'I', 'SI', 2, 1, 'SI'),
(312, 1, '804', 'Izurieta, Magdalena', '000', 'xxx', 'ODA0', 1, 'Belgrano 421', 1, 1, '28813503', 'I', 'SI', 2, 1, 'SI'),
(313, 1, '805', 'Elkfury, Marìa Ivonne', '000', 'xxx', 'ODA1', 1, 'Emilio Genoud 1086', 1, 1, '14909679', 'I', 'SI', 2, 1, 'SI'),
(314, 1, '806', 'Anghilante, Gabriela', '000', 'xxx', 'ODA2', 1, '25 De Mayo', 1, 1, '16373521', 'I', 'SI', 1, 1, 'SI'),
(315, 1, '814', 'Veliz, Myriam Noemì', '000', 'xxx', 'ODE0', 4, '25 De Mayo 222', 1, 1, '36603141', 'I', 'SI', 1, 1, 'SI'),
(316, 1, '839', 'Etcheberry, Carmen', '000', 'xxx', 'ODM5', 2, 'Mariano Moreno 365', 1, 1, '17872854', 'I', 'SI', 2, 1, 'SI'),
(317, 1, '842', 'Cochrane, Norma', '000', 'xxx', 'ODQy', 1, '25 De Mayo 505', 1, 1, '10397797', 'I', 'SI', 1, 1, 'SI'),
(318, 1, '845', 'Milanesio, Lorenza', '000', 'xxx', 'ODQ1', 2, 'Mariano Moreno 237', 1, 1, '4221414', 'I', 'SI', 1, 1, 'SI'),
(319, 1, '849', 'Geuna, Alejandra', '000', 'xxx', 'ODQ5', 1, 'Avellaneda', 1, 1, '25175571', 'I', 'NO', 1, 1, 'NO'),
(320, 1, '850', 'Tordi, Ana Marìa', '000', 'xxx', 'ODUw', 5, 'Zona Rural', 1, 1, '5273129', 'I', 'SI', 1, 1, 'SI'),
(321, 1, '852', 'Cerioli, Marìa Laura', '000', 'xxx', 'ODUy', 3, 'Dr. Luis V Rodriguez 125', 1, 1, '25465134', 'I', 'SI', 1, 1, 'SI'),
(322, 1, '858', 'Giraudo, Nori', '000', 'xxx', 'ODU4', 1, '25 De Mayo', 1, 1, '4105893', 'I', 'SI', 2, 1, 'SI'),
(323, 1, '860', 'Cerutti, Ana Marìa', '000', 'xxx', 'ODYw', 2, 'Francisco, Martelli 249', 1, 1, '12974696', 'I', 'SI', 1, 1, 'SI'),
(324, 1, '868', 'Marani, Mariela', '3385523920', 'xxx', 'ODY4', 3, 'Carlos Pellegrini 116', 1, 1, '22149943', 'I', 'SI', 1, 1, 'SI'),
(552, 1, '51', 'Morina, Candela', '3385407148', 'xxx', 'NTE=', NULL, 'Humberto Primo 163', 1, 1, '41265528', 'I', 'SI', 2, 1, 'SI'),
(326, 1, '878', 'Carotti, Patricia', '3385522811', 'xxx', 'ODc4', 1, 'Rivadavia', 1, 1, '24385572', 'I', 'SI', 2, 1, 'SI'),
(327, 1, '903', 'Cerioli, Maria Eugenia', '000', 'xxx', 'OTAz', 3, 'Av San Martin', 1, 1, '23272020', 'I', 'SI', 2, 1, 'SI'),
(328, 1, '905', 'Coria, Adriana', '000', 'xxx', 'OTA1', 4, 'Dr. Alfredo T. Bruno', 1, 1, '16373560', 'I', 'SI', 1, 1, 'SI'),
(329, 1, '915', 'Moreno, Gabriela', '3385467118', 'xxx', 'OTE1', 2, 'Mariano Moreno 387', 1, 1, '26563571', 'I', 'SI', 2, 1, 'SI'),
(331, 1, '923', 'Aimar, Cecilia', '000', 'xxx', 'OTIz', 2, 'Berutti 227', 1, 1, '6533331', 'I', 'SI', 1, 1, 'SI'),
(332, 1, '927', 'Ceballos, Marcela', '000', 'xxx', 'OTI3', NULL, 'Bernardino Ance 309', 1, 1, '25272042', 'I', 'NO', 2, 1, 'NO'),
(334, 1, '939', 'Berra, Marcela Alejandra', '000', 'xxx', 'OTM5', NULL, 'Carlos Pellegrini ', 1, 1, '20325395', 'I', 'SI', 2, 1, 'SI'),
(335, 1, '943', 'Goñi, Rafael', '000', 'xxx', 'OTQz', 2, '9 De Julio', 1, 1, '27881854', 'I', 'SI', 1, 1, 'SI'),
(336, 1, '951', 'Sanchez, Martìn Miguel', '000', 'xxx', 'OTUx', 3, 'Carlos Pellegrini 158', 1, 1, '27636275', 'I', 'SI', 1, 1, 'SI'),
(337, 1, '952', 'Fenoglio, Nelly', '000', 'xxx', 'OTUy', 5, 'Sarmiento', 1, 1, '4669387', 'I', 'SI', 1, 1, 'SI'),
(338, 1, '956', 'Falcone, Marìa De Los Angeles', '000', 'xxx', 'OTU2', 3, 'Carlos Pellegrini 836', 1, 1, '26514444', 'I', 'SI', 1, 1, 'SI'),
(339, 1, '960', 'Alvarez, Claudia', '000', 'xxx', 'OTYw', 4, 'Arturo Illia 188', 1, 1, '23939379', 'I', 'SI', 1, 1, 'SI'),
(340, 1, '966', 'Salomone, Silvana', '000', 'xxx', 'OTY2', 2, '25 De Mayo y Ugarte', 1, 1, '22634002', 'I', 'SI', 2, 1, 'SI'),
(341, 1, '970', 'Tardito, Lorena', '3385433028', 'xxx', 'OTcw', 1, '9 De Julio', 1, 1, '29972231', 'I', 'SI', 2, 1, 'SI'),
(342, 1, '975', 'Del Vigo, Marìa Angèlica', '3512406202', 'xxx', 'OTc1', 2, 'Gral Roca 133', 1, 1, '4669360', 'I', 'SI', 1, 1, 'SI'),
(343, 1, '979', 'Gonzalez, Romina', '3385593462', 'xxx', 'OTc5', 4, 'España y Grito De Alcorta', 1, 1, '32369037', 'I', 'SI', 1, 1, 'SI'),
(344, 1, '983', 'Mezzo, Marìa Gloria', '3385525933', 'xxx', 'OTgz', 1, '9 De Julio 1087', 1, 1, '22149965', 'I', 'SI', 2, 1, 'SI'),
(345, 1, '985', 'Galarza, Francina', '000', 'xxx', 'OTg1', 1, 'Emilio Genoud 725', 1, 1, '29562559', 'I', 'NO', 1, 1, 'NO'),
(346, 1, '987', 'Beltramone, Luciana', '3385462039', 'xxx', 'OTg3', NULL, 'Avellaneda', 1, 1, '28813686', 'I', 'SI', 1, 1, 'SI'),
(347, 1, '989', 'Notta, Carolina Mònica', '000', 'xxx', 'OTg5', 1, 'Lavalle', 1, 1, '30481480', 'I', 'SI', 1, 1, 'SI'),
(348, 1, '995', 'Molina, Anabela', '3512024998', 'xxx', 'OTk1', 4, 'Humberto Primo 265', 1, 1, '20683080', 'I', 'SI', 1, 1, 'SI'),
(349, 1, '900', 'Vargas, Soledad', '000', 'xxx', 'OTAw', 1, '25 De Mayo 585', 1, 1, '34789476', 'I', 'SI', 1, 1, 'SI'),
(350, 1, '961', 'Molina, Gisel', '3385595888', 'xxx', 'OTYx', 3, 'Carlos Pellegrini', 1, 1, '33581471', 'I', 'SI', 1, 1, 'SI'),
(351, 1, '997', 'Paredes, Graciela', '000', 'xxx', 'OTk3', 2, '9 De Julio 480', 1, 1, '6398385', 'I', 'SI', 2, 1, 'SI'),
(352, 1, '926', 'Rodriguez, Leonardo', '3385592619', 'xxx', 'OTI2', NULL, '9 De Julio 480', 1, 1, '23195029', 'I', 'SI', 2, 1, 'SI'),
(353, 1, '1001', 'Fraire, Fabiana', '3385430766', 'xxx', 'MTAwMQ==', NULL, 'Còrdoba 430', 1, 1, '22588574', 'I', 'SI', 1, 1, 'SI'),
(354, 1, '1007', 'Pomba, Marìa Eugenia', '000', 'xxx', 'MTAwNw==', 1, 'French y Emilio Genoud', 1, 1, '29972238', 'I', 'SI', 2, 1, 'SI'),
(355, 1, '1014', 'Di Salvo, Marcela', '000', 'xxx', 'MTAxNA==', NULL, 'Gral Paz 271', 1, 1, '33146858', 'I', 'SI', 1, 1, 'SI'),
(356, 1, '1018', 'Pomba, Ana Virginia', '000', 'xxx', 'MTAxOA==', 1, '9 De Julio', 1, 1, '33581499', 'I', 'SI', 1, 1, 'SI'),
(357, 1, '1019', 'Berra, Laura', '000', 'xxx', 'MTAxOQ==', 1, '25 De Mayo', 1, 1, '28813593', 'I', 'SI', 2, 1, 'SI'),
(358, 1, '1026', 'Villegas, Marìa Laura', '000', 'xxx', 'MTAyNg==', 2, '25 De Mayo', 1, 1, '25465120', 'I', 'SI', 2, 1, 'SI'),
(360, 1, '1029', 'Uboldi, Enzo Guillermo', '3385438257', 'xxx', 'MTAyOQ==', 3, 'Dr. Luis V. Rodriguez 293', 1, 1, '23272001', 'I', 'NO', 2, 1, 'NO'),
(361, 1, '1032', 'Falcòn, Claudia', '3385403972', 'xxx', 'MTAzMg==', 1, 'Mitre 534', 1, 1, '14909669', 'I', 'SI', 1, 1, 'SI'),
(362, 1, '1033', 'Berra, Marìa Gabriela', '3385434921', 'xxx', 'MTAzMw==', 2, 'Mariano Moreno 215', 1, 1, '21136005', 'I', 'SI', 2, 1, 'SI'),
(363, 1, '1048', 'Bonè, Carina', '000', 'xxx', 'MTA0OA==', 3, 'Sarmiento', 1, 1, '24585559', 'I', 'SI', 2, 1, 'SI'),
(364, 1, '1050', 'Marani, Griselda', '000', 'xxx', 'MTA1MA==', 1, 'Gabriela Mistral', 1, 1, '26223997', 'I', 'SI', 2, 1, 'SI'),
(365, 1, '1052', 'Anfossi, Juan Pablo', '3385446880', 'xxx', 'MTA1Mg==', 2, 'Mariano Moreno 243', 1, 1, '23272046', 'I', 'SI', 2, 1, 'SI'),
(366, 1, '1063', 'Vincenti, Viviana Elisa', '3385444134', 'xxx', 'MTA2Mw==', 4, 'Av San Martìn 864', 1, 1, '20208933', 'I', 'SI', 2, 1, 'SI'),
(367, 1, '1065', 'Eliceche, Diego Luis', '3385592199', 'xxx', 'MTA2NQ==', NULL, 'Av San Martìn ', 1, 1, '20325341', 'I', 'SI', 2, 1, 'SI'),
(368, 1, '1068', 'Ramassa, Rosana', '000', 'xxx', 'MTA2OA==', 1, 'Bernardino Ance 655', 1, 1, '31111111', 'I', 'SI', 1, 1, 'SI'),
(369, 1, '1070', 'Canavesio, Fabrina', '000', 'xxx', 'MTA3MA==', 4, 'Carlos Gardel 640', 1, 1, '37320814', 'I', 'SI', 1, 1, 'SI'),
(370, 1, '1073', 'Aguetti, Marìa Teresa', '000', 'xxx', 'MTA3Mw==', 5, 'Sarmiento 853', 1, 1, '22588581', 'I', 'SI', 2, 1, 'SI'),
(371, 1, '1078', 'Barbosa, Zulma', '000', 'xxx', 'MTA3OA==', 3, 'Dr. Alfredo T Bruno 399', 1, 1, '21695003', 'I', 'SI', 2, 1, 'SI'),
(372, 1, '1087', 'Chionetti, Marìa Elena', '000', 'xxx', 'MTA4Nw==', 2, 'Belgrano 478', 1, 1, '5273145', 'I', 'SI', 1, 1, 'SI'),
(373, 1, '1088', 'Brange, Ana Marìa', '000', 'xxx', 'MTA4OA==', 5, 'Emilio Olmos 219', 1, 1, '10397355', 'I', 'SI', 2, 1, 'SI'),
(376, 1, '1105', 'Daghero, Marìa Alejandra', '000', 'xxx', 'MTEwNQ==', 4, 'Grito de Alcorta', 1, 1, '22699595', 'I', 'NO', 2, 1, 'NO'),
(375, 1, '1096', 'Velàzquez, Silvia', '000', 'xxx', 'MTA5Ng==', 1, 'Emilio Genoud 694', 1, 1, '22149901', 'I', 'SI', 1, 1, 'SI'),
(377, 1, '1114', 'Cruceño, Eduardo', '000', 'xxx', 'MTExNA==', 3, 'Eva Però 296', 1, 1, '21406217', 'I', 'SI', 2, 1, 'SI'),
(378, 1, '1116', 'Borthelle, Adriana', '000', 'xxx', 'MTExNg==', 1, '9 De Julio 1076', 1, 1, '17353150', 'I', 'SI', 1, 1, 'SI'),
(379, 1, '1128', 'Anfossi, Josè Ignacio', '3385400553', 'xxx', 'MTEyOA==', 1, 'Gral Paz', 1, 1, '25754156', 'I', 'SI', 1, 1, 'SI'),
(380, 1, '1142', 'Valerdi, Patricia', '000', 'xxx', 'MTE0Mg==', NULL, '9 De Julio 749', 1, 1, '27632285', 'I', 'SI', 2, 1, 'SI'),
(382, 1, '1147', 'Maltese, Paola', '3385449864', 'xxx', 'MTE0Nw==', 3, 'Sarmiento 362', 1, 1, '26463299', 'I', 'SI', 2, 1, 'SI'),
(383, 1, '1150', 'Compostella, Daniela', '000', 'xxx', 'MTE1MA==', NULL, 'Dr. Alfredo T Bruno 354', 1, 1, '21406183', 'I', 'NO', 2, 1, 'NO'),
(385, 1, '428', 'Cerutti, Beatriz Ana', '000', 'xxx', 'NDI4', 1, 'Urquiza 352', 1, 1, '5273187', 'I', 'SI', 1, 1, 'SI'),
(526, 1, '604', 'Curone, Stella Maris', '3385591294', 'stellacurone@gmail.com', 'NjA0', 4, 'Dr. Bruno 555', 1, 1, '20703624', 'I', 'SI', 1, 1, 'SI'),
(388, 1, '375', 'Ravera, Viviana Beatriz', '3385434943', 'xxx', 'Mzc1', 1, 'Emilio Genoud 1148', 1, 1, '22588573', 'I', 'SI', 1, 1, 'SI'),
(389, 1, '367', 'Ponzi, Fabiana', '3385407654', 'xxx', 'MzY3', 2, 'Còrdoba 266', 1, 1, '22149980', 'I', 'SI', 1, 1, 'SI'),
(390, 1, '436', 'Bosco, Marcos Guillermo', '3518097549', 'xxx', 'NDM2', 4, 'España 574', 1, 1, '33581488', 'I', 'SI', 2, 1, 'SI'),
(391, 1, '373', 'Block, Dana', '3385432105', 'xxx', 'Mzcz', 1, 'French 395', 1, 1, '42512544', 'I', 'NO', 2, 1, 'NO'),
(392, 1, '424', 'Centeno, Ezequiel Ricardo', '3385480923', 'xxx', 'NDI0', 1, 'Emilio Genoud 876', 1, 1, '31767200', 'I', 'SI', 2, 1, 'SI'),
(394, 1, '376', 'Carabajal, Teresita Edith', '3385521819', 'xxx', 'Mzc2', 2, 'Santiago Del Estero', 1, 1, '20381433', 'I', 'NO', 2, 1, 'NO'),
(395, 1, '406', 'Giordano, Mariana', '3385432870', 'xxx', 'NDA2', 3, 'Agustin Sanguinetti 888', 1, 1, '23272038', 'I', 'NO', 2, 1, 'NO'),
(397, 1, '423', 'Martìnez, Lara', '3385462522', 'xxx', 'NDIz', NULL, 'Arturo Illia 393', 1, 1, '43606143', 'I', 'NO', 2, 1, 'NO'),
(398, 1, '425', 'Olguìn, Damaris Esther', '000', 'xxx', 'NDI1', 1, 'Avellaneda 485', 1, 1, '39543118', 'I', 'SI', 2, 1, 'SI'),
(536, 1, '615', 'Rocco, Marìa  Florencia', '3385400636', 'estudiojuridicogorjon@gmail.com', 'NjE1', 2, 'Berutti 401', 1, 1, '33434075', 'I', 'NO', 2, 1, 'NO'),
(402, 1, '372', 'Ochoa, Soledad', '000', 'xxx', 'Mzcy', 5, 'Arturo Illia 605', 1, 1, '29275854', 'I', 'NO', 2, 1, 'NO'),
(403, 1, '427', 'Pèrez, Brenda Carola', '3385405453', 'xxx', 'NDI3', 1, 'Alberto Sabìn 550', 1, 1, '20325340', 'I', 'SI', 2, 1, 'SI'),
(405, 1, '385', 'Perotti, Silvina Lorena', '3385443453', 'xxx', 'Mzg1', 1, 'Bernardino Ance 996', 1, 1, '32369081', 'I', 'NO', 2, 1, 'NO'),
(406, 1, '422', 'Rossatto, Juan Carlos', '03385480296', 'xxx', 'NDIy', NULL, '25 De Mayo 756', 1, 1, '10397727', 'I', 'SI', 2, 1, 'SI'),
(407, 1, '442', 'Càrdenas, Ruth Abigail', '2966587463', 'xxx', 'NDQy', 4, 'Combate de San Lorenzo 605', 1, 1, '39810924', 'I', 'NO', 1, 1, 'NO'),
(408, 1, '439', 'Ferreira, Eloisa', '3385594416', 'xxx', 'NDM5', 1, 'Bernardino Ance 984', 1, 1, '30031616', 'I', 'NO', 2, 1, 'NO'),
(409, 1, '438', 'Masi, Marìa Vanesa', '3385491176', 'xxx', 'NDM4', 3, 'Sarmiento 245', 1, 1, '30971840', 'I', 'NO', 2, 1, 'NO'),
(533, 1, '612', 'Notta, Vanesa Viviana', '3385594787', 'vanesanotta@hotmail.com', 'NjEy', 4, 'Humberto Primi 155', 1, 1, '32369093', 'I', 'SI', 2, 1, 'SI'),
(411, 1, '443', 'Aranda, Walter Alesio', '3385-590948', 'xxx', 'NDQz', 2, 'Rivadavia 775', 1, 1, '14448921', 'I', 'SI', 1, 1, 'SI'),
(412, 1, '448', 'Cardò, Noelia M', '3385469006', 'xxx', 'NDQ4', NULL, 'Moreno 615', 1, 1, '26842230', 'I', 'SI', 1, 1, 'SI'),
(415, 1, '447', 'Silva, Maximiliano Nicolàs', '3385470316', 'xxx', 'NDQ3', 3, 'Carlos Pellegrini 116', 1, 1, '34789419', 'I', 'SI', 1, 1, 'SI'),
(416, 1, '453', 'Romero, Mariana', '3385467749', 'xxx', 'NDUz', 5, 'Italia 473', 1, 1, '34789446', 'I', 'SI', 2, 1, 'SI'),
(418, 1, '455', 'Veronesi, Romina Valeria', '3385400997', 'xxx', 'NDU1', NULL, 'Avellaneda 476', 1, 1, '39612786', 'I', 'NO', 1, 1, 'NO'),
(419, 1, '458', 'Molina, Josè Ignacio', '3385446134', 'xxx', 'NDU4', NULL, 'Echeverria 931', 1, 1, '29562508', 'I', 'NO', 2, 1, 'NO'),
(420, 1, '450', 'Dggioanni, Alejandra', '3385440660', 'xxx', 'NDUw', NULL, 'Combate San Lorenzo 565', 1, 1, '40028465', 'I', 'NO', 1, 1, 'NO'),
(528, 1, '606', 'Coraglio, Nancy Mar`ya', '3385596350', 'nancycoraglio20@gmail.com', 'NjA2', 5, 'Italia 516', 1, 1, '14693191', 'I', 'SI', 1, 1, 'SI'),
(529, 1, '607', 'Pomba Vanesa', '3385686578', 'gringa.2016@hotmail.com', 'NjA3', 3, 'España 455', 1, 1, '27502822', 'I', 'SI', 2, 1, 'SI'),
(424, 1, '463', 'Ruffinengo, Marìa Paula', '3385505100', 'xxx', 'NDYz', 2, 'F. Martelli 203', 1, 1, '32156982', 'I', 'SI', 2, 1, 'SI'),
(425, 1, '459', 'Kisner, Silvia', '3385434140', 'xxx', 'NDU5', 4, 'Paso De Los Andes 572', 1, 1, '23625054', 'I', 'NO', 2, 1, 'NO'),
(426, 1, '460', 'Cerutti, Juan Carlos', '3385597399', 'xxx', 'NDYw', 2, 'Bernardino Ance 375', 1, 1, '22149913', 'I', 'SI', 2, 1, 'SI'),
(428, 1, '462', 'Costamagna, Betina', '3385681087', 'xxx', 'NDYy', NULL, 'Mariano Moreno 387', 1, 1, '22890116', 'I', 'NO', 2, 1, 'NO'),
(429, 1, '465', 'Arguello, Romina Teresa', '3385405474', 'xxx', 'NDY1', 1, 'Pasaje S/N', 1, 0, '28813587', 'I', 'SI', 2, 1, 'SI'),
(430, 1, '464', 'Berra, Fabrina', '3385436726', 'xxx', 'NDY0', 1, 'Avellaneda 496', 1, 1, '36603123', 'I', 'SI', 1, 1, 'SI'),
(432, 1, '471', 'Morelli, Adriana', '3385466353', 'xxx', 'NDcx', 1, 'Gabriela Mistral 326', 1, 1, '11963919', 'I', 'SI', 2, 1, 'SI'),
(434, 1, '474', 'Gimenez, Sofìa', '3516626041', 'xxx', 'NDc0', 1, 'Urquiza 694', 1, 1, '33146813', 'I', 'SI', 2, 1, 'SI'),
(435, 1, '473', 'Abdol Rahman, Maria Euegenia', '3385681086', 'xxx', 'NDcz', 2, 'Rivadavia 703', 1, 1, '24943198', 'I', 'NO', 2, 1, 'NO'),
(436, 1, '504', 'Moyano, Mercedes', '3385436458', 'xxx', 'NTA0', 4, 'Humberto Primo 688', 1, 1, '37440874', 'I', 'NO', 1, 1, 'NO'),
(437, 1, '479', 'Berardo, Romina', '3385430776', 'xxx', 'NDc5', 3, 'Grito de Alcorta 431', 1, 1, '26514415', 'I', 'SI', 2, 0, 'SI'),
(438, 1, '476', 'Onoriaga, Luis Alfredo', '3385594038', 'xxx', 'NDc2', 3, 'Carlos Pellegrini 737', 1, 1, '33581476', 'I', 'SI', 1, 1, 'SI'),
(439, 1, '505', 'Leivas, Stefanìa Mariel', '3583402186', 'xxx', 'NTA1', 1, 'French 326', 1, 1, '35175352', 'I', 'SI', 2, 1, 'SI'),
(440, 1, '486', 'Fontana, Gino Gabriel', '3385590977', 'xxx', 'NDg2', 5, 'Dr Brunoi 856', 1, 1, '39543441', 'I', 'NO', 1, 1, 'NO'),
(441, 1, '485', 'Dominguez, Fernanda', '3385437887', 'xxx', 'NDg1', 1, 'Francisco Martelli 579', 1, 1, '31152221', 'I', 'SI', 2, 1, 'SI'),
(532, 1, '39', 'Mellano, Norma Julia', '3385403551', 'xxx', 'Mzk=', 1, 'Ramòn J. Càrcano 450', 1, 1, '6533332', 'I', 'SI', 2, 1, 'SI'),
(443, 1, '484', 'Bellocq, Graciela', '3385593293', 'xxx', 'NDg0', 2, 'Rivadavia 511', 1, 1, '13484898', 'I', 'SI', 1, 1, 'SI'),
(444, 1, '480', 'Mestre, Marisa Antonia', '3385402117', 'xxx', 'NDgw', 1, 'San Josè 947', 1, 1, '22394094', 'I', 'NO', 1, 1, 'NO'),
(445, 1, '482', 'Molina, Andrea', '3385400545', 'xxx', 'NDgy', NULL, 'Emilio Genoud 667', 1, 1, '23272026', 'I', 'NO', 2, 1, 'NO'),
(447, 1, '118', 'Lòpez, Matìas', '3385433474', 'xxx', 'MTE4', NULL, 'Hunberto Primo 688', 1, 1, '32137553', 'I', 'NO', 2, 1, 'NO'),
(448, 1, '508', 'Idalgo, Vìctor Eduardo', '3385444869', 'xxx', 'NTA4', 2, 'Còrdoba 442', 1, 1, '20683068', 'I', 'SI', 2, 1, 'SI'),
(449, 1, '519', 'Berra, Ana Marìa', '3385401854', 'xxx', 'NTE5', NULL, 'Ugarte 585', 1, 1, '17995825', 'I', 'SI', 2, 1, 'SI'),
(450, 1, '520', 'Molina, Marìa De Los Àngeles', '3385598223', 'xxx', 'NTIw', 4, 'España 916', 1, 1, '33321386', 'I', 'NO', 2, 1, 'NO'),
(551, 1, '47', 'Brizuela Nievas, Florencia', '', 'xxx', 'NDc=', NULL, 'Emilio Olmos 148', 1, 1, '44296586', 'I', 'SI', 2, 1, 'SI'),
(454, 1, '522', 'Curzi, Liliana Beatriz', '34628587055', 'xxx', 'NTIy', 5, 'Gral Paz 561', 1, 0, '11483531', 'I', 'SI', 1, 1, 'SI'),
(459, 1, '138', 'Veliz, Ana Luz', '3385688508', 'xxx', 'MTM4', NULL, 'Mitre 525', 1, 0, '43883349', 'I', 'NO', 1, 1, 'NO'),
(458, 1, '524', 'Armendariz, Juan Alberto', '3385442452', 'xxx', 'NTI0', 2, 'Emilio Genoud', 1, 0, '28454837', 'I', 'SI', 1, 1, 'SI'),
(457, 1, '523', 'Ceresoli, Rebeca', '3584397462', 'xxx', 'NTIz', 1, '9 De Julio y French', 1, 0, '27881876', 'I', 'NO', 2, 1, 'NO'),
(460, 1, '534', 'Otta, Eduardo Rubèn', '3385680968', 'xxx', 'NTM0', 4, 'Grito De Alcorta 163', 1, 1, '17703172', 'I', 'SI', 1, 1, 'SI'),
(461, 1, '533', 'Campana, Martìn', '3385504257', 'xxx', 'NTUz', 3, 'Italia 339', 1, 1, '36603115', 'I', 'SI', 2, 1, 'SI'),
(462, 1, '528', 'Perotti, Marina', '3583400378', 'xxx', 'NTI4', 2, 'Mitre 108', 1, 1, '33716991', 'I', 'SI', 1, 1, 'SI'),
(464, 1, '529', 'Alvarez, Horacio Daniel', '3385408567', 'xxx', 'NTI5', 2, 'San Josè 535', 1, 1, '25671230', 'I', 'SI', 2, 1, 'SI'),
(465, 1, '526', 'Lòpez, Natalia', '3385597855', 'xxx', 'NTI2', 3, 'Sarmiento 293', 1, 1, '34789411', 'I', 'SI', 1, 1, 'SI'),
(539, 1, '26', 'Gallardo, Florencia', '3385591654', 'flor_gallardo@hotmail.com', 'MjY=', 4, 'M. T. Echeverìa 846', 1, 1, '35832484', 'I', 'SI', 2, 1, 'SI'),
(468, 1, '530', 'Moràn, Marìa Rosa', '3385467907', 'xxx', 'NTMw', 1, 'Santiago Del Estero 450', 1, 1, '32369056', 'I', 'SI', 2, 1, 'SI'),
(469, 1, '535', 'Ramirez, Gilda', '3385435114', 'xxx', 'NTM1', 1, 'Velez Sarfield 553', 1, 1, '39543476', 'I', 'SI', 1, 1, 'SI');
INSERT INTO `socios` (`id`, `bilbiotecaId`, `numeroSocio`, `apellidoyNombre`, `telefono`, `mail`, `pass`, `sectorid`, `domicilio`, `localidadid`, `provinciaid`, `documento`, `individualgrupal`, `activo`, `tipoSocioId`, `rol`, `pagaCuota`) VALUES
(478, 1, '538', 'Airasca, Josè M.', '3385435001', 'xxx', 'NTM4', 3, 'Dr Bruno 315', 1, 1, '24585596', 'I', 'SI', 2, 1, 'SI'),
(476, 1, '537', 'Alvarez, Marìa Paz', '3385443871', 'xxx', 'NTM3', 1, 'Mèxico 262', 1, 1, '21642553', 'I', 'NO', 2, 1, 'NO'),
(479, 1, '539', 'Guiñazù, Gabriela Y', '3385504667', 'xxx', 'NTM5', 4, 'E, Olmos 331', 1, 1, '31063693', 'I', 'SI', 2, 1, 'SI'),
(483, 1, '540', 'Carità, Maricel', '3385682880', 'mary_carita@hotmail.com', 'NTQw', 1, 'Ugarte 1983', 1, 0, '30481403', 'I', 'NO', 1, 1, 'NO'),
(484, 1, '580', 'Robledo, Matìas M', '3385444650', 'xxx', 'NTgw', 4, 'Josè Hernàndez 707', 1, 1, '46593496', 'I', 'SI', 2, 1, 'SI'),
(485, 1, '581', 'Giraudo Fernàndez, M Laura', '3385464079', 'xxx', 'NTgx', 1, '9 De Julio 987', 1, 1, '31767131', 'I', 'SI', 2, 1, 'SI'),
(486, 1, '584', 'Lujàn, Marìa Lorena', '3385464412', 'xxx', 'NTg0', NULL, 'Emilio Genoud 1217', 1, 1, '32369096', 'I', 'SI', 2, 1, 'SI'),
(487, 1, '586', 'Lorea, Paulina', '3385598402', 'xxx', 'NTg2', 5, 'Zona Rural', 1, 0, '47363035', 'I', 'NO', 0, 1, 'NO'),
(488, 1, '567', 'Garais, Rosana Andrea', '3385438742', 'xxx', 'NTY3', 1, 'Bernardino Anca 721', 1, 1, '24202068', 'I', 'SI', 2, 1, 'SI'),
(489, 1, '568', 'Guiñazù, Azucena Brisa', '3385432549', 'xxx', 'NTY4', 1, 'Ugarte ', 1, 1, '46593415', 'I', 'SI', 1, 1, 'SI'),
(490, 1, '576', 'Garais, Marìa Del Carmen', '000', 'xxx', 'NTc2', 1, 'Francisco Martelli 515 Dpto 5', 1, 1, '17160554', 'I', 'SI', 1, 1, 'SI'),
(491, 1, '571', 'Marengo, ângeles Belèn', '3583432912', 'xxx', 'NTcx', 3, 'Dr Bruno 326', 1, 1, '37286220', 'I', 'SI', 2, 1, 'SI'),
(492, 1, '565', 'Bernardi, Carina Mariel', '3385462649', 'xxx', 'NTY1', NULL, 'Carlos Gardel 308', 1, 1, '25754174', 'I', 'SI', 2, 1, 'SI'),
(493, 1, '564', 'Luna, Dahyana', '3385466462', 'xxx', 'NTY0', 1, '9 De Julio 713', 1, 1, '35259656', 'I', 'SI', 2, 1, 'SI'),
(494, 1, '563', 'Salina, Jorge Luis', '3385508434', 'xxx', 'NTYz', 5, 'Emilio Olmos 672', 1, 1, '37232014', 'I', 'SI', 1, 1, 'SI'),
(495, 1, '561', 'Comoglio, Sandra Paola', '000', 'xxx', 'NTYx', 2, 'Berutti 540', 1, 1, '23939399', 'I', 'SI', 1, 1, 'SI'),
(496, 1, '548', 'Beltramone, Marìa Gisel', '3385439531', 'giselbeltramone@gmail.com', 'NTQ4', 1, 'Avelaneda 627', 1, 1, '32369027', 'I', 'SI', 2, 1, 'SI'),
(497, 1, '544', 'Bevilacqua, Silvia Susana', '3385405317', 'xxx', 'NTQ0', 1, 'Emilio Genoud 863', 1, 1, '18254320', 'I', 'SI', 1, 1, 'SI'),
(498, 1, '546', 'Vèliz, Tomàs', '3385465448', 'tomiveliz124@gmail.com', 'NTQ2', NULL, 'Emilio Genoud 1247', 1, 1, '45703111', 'I', 'NO', 1, 1, 'NO'),
(499, 1, '578', 'Molina, Marìa Jorgelina', '3385461053', 'xxx', 'NTc4', 3, 'A. Sanguinetti 885', 1, 1, '10847797', 'I', 'SI', 1, 1, 'SI'),
(500, 1, '579', 'Fenoglio, Marìa De Los Àngeles', '3385433142', 'xxx', 'NTc5', 1, 'Urquiza 138', 1, 1, '24585598', 'I', 'NO', 2, 1, 'NO'),
(501, 1, '566', 'Arancebia, Angèlica', '2615966065', 'xxx', 'NTY2', 1, 'Bernardino Ance 628', 1, 1, '31011980', 'I', 'SI', 2, 1, 'SI'),
(502, 1, '587', 'Dutto, Lidia Lucìa', '3385439352', 'xxx', 'NTg3', 5, 'Rivadavia 427', 1, 1, '4669368', 'I', 'SI', 1, 1, 'SI'),
(503, 1, '589', 'Firpo Isabela', '2214815633', 'xxx', 'NTg5', NULL, 'Bernardino Ance 231', 1, 1, '48094843', 'I', 'SI', 1, 1, 'SI'),
(504, 1, '545', 'Izurieta, Anita', '3385462168', 'xxx', 'NTQ1', 4, 'Dgo. French', 1, 1, '47665362', 'I', 'SI', 2, 1, 'SI'),
(542, 1, '803', 'Brizuela, Ana Luz', '3385444148', 'xxx', 'ODAz', 4, 'Emilio Olmos 148', 1, 1, '39176087', 'I', 'SI', 2, 1, 'SI'),
(507, 1, '03', 'Càceres, Cintia Ayelèn', '3385593985', 'cin.caceres877gmail.com', 'MDM=', 5, 'Lucas y Làzaro Nieto 223', 2, 1, '40028458', 'I', 'SI', 0, 1, 'SI'),
(508, 1, '600', 'Pèrez Àvila, Francin', '3385470184', 'xxx', 'NjAw', 2, 'Manuel Belgrano 495', 1, 0, '48815415', 'I', 'SI', 1, 1, 'SI'),
(509, 1, '598', 'Rojas, Lorena Evelin', '3385402663', 'xxx', 'NTk4', 5, 'Dr Luis Rodriguez 531', 1, 0, '31199657', 'I', 'SI', 2, 1, 'SI'),
(510, 1, '700', 'Torres Pozzi, Roxana', '3385502451', 'xxx', 'NzAw', NULL, 'Mariano Moreno 464', 1, 1, '32939411', 'I', 'SI', 2, 1, 'SI'),
(511, 1, '596', 'Del Gaudio, Camila', '3385435728', 'xxx', 'NTk2', 4, 'Josè Hernàndez s/n', 1, 1, '39391050', 'I', 'SI', 2, 1, 'SI'),
(512, 1, '595', 'Barrionuevo, Carla', '3385447513', 'xxx', 'NTk1', NULL, 'Emilio Genoud 858', 1, 1, '36030184', 'I', 'NO', 1, 1, 'NO'),
(513, 1, '594', 'Andino, Nazarena M', '3385470539', 'xxx', 'NTk0', 4, 'Emilio Olmos 476', 1, 1, '37874766', 'I', 'SI', 2, 1, 'SI'),
(514, 1, '22', 'Guzmàn, Marcòs Martìn', '3385491769', 'guzmanmarcos791@gmail.com', 'MjI=', 0, 'Eva  Peròn  753', 1, 0, '43883331', 'I', 'SI', 1, 1, 'SI'),
(515, 1, '18', 'Taverna, Anabela J.', '3515947887', 'anabelataverna@gmail.com', 'MTg=', 2, 'Rivadavia 625', 1, 0, '32369018', 'I', 'SI', 2, 1, 'SI'),
(516, 1, '10', 'Coraglio, Carolina', '3385449975', 'carocoraglio_21@hotmail.com', 'MTA=', NULL, 'Mariano Moreno739', 1, 0, '29562551', 'I', 'SI', 2, 1, 'SI'),
(517, 1, '7', 'Poletti Vette, Tavannah Jane', '3584021904', 'moccan2@hotmai.com', 'Nw==', 5, 'Zona Rural', 2, 0, '95565209', 'I', 'NO', 2, 1, 'NO'),
(518, 1, '5', 'Vargas, Laura Florencia', '3584847313', 'luritavargas19@gmail.com', 'NQ==', 2, 'Mariano Moreno 335', 1, 0, '40504125', 'I', 'SI', 1, 1, 'SI'),
(519, 1, '603', 'Pereyra, Lucio', '3385508154', 'cocklto324@gmail.com', 'NjAz', 4, 'Artuto Illia 663', 1, 0, '49619256', 'I', 'SI', 1, 1, 'SI'),
(520, 1, '27', 'Guiñazù, Victoria', '44296569', 'victoriaguiazu@gmail.com', 'Mjc=', 3, 'Carlos Pellegrini 816', 1, 0, '44296569', 'I', 'SI', 1, 1, 'SI'),
(521, 1, '31', 'Oyola, Luisa', '3385436732', 'sole_oyola@hotmail.com', 'MzE=', 3, 'Doc.  Luis V. Rodriguez', 1, 0, '30836675', 'I', 'SI', 2, 1, 'SI'),
(541, 1, '19', 'Rocco, Milagros', '3385447805', 'xxx', 'MTk=', NULL, 'Venezuela 134', 1, 0, '39543149', 'I', 'SI', 0, 1, 'SI'),
(523, 1, '34', 'Ceresoli, Josè Marìa', '3385468809', 'josemariaceresoli@gmail.com', 'MzQ=', 1, 'French y 9 De Julio', 1, 1, '25911924', 'I', 'SI', 1, 1, 'SI'),
(524, 1, '143', 'Arce, Grisel Paulina', '3385491737', 'grispauli@gmail.com', 'MTQz', NULL, 'Gral. Paz 464', 1, 1, '95864090', 'I', 'SI', 2, 1, 'SI'),
(525, 1, '36', 'Duarte, Maitèn', '3385402488', 'xxx', 'MzY=', 4, 'Marìa T Echverrìa 773', 1, 1, '43606149', 'I', 'NO', 2, 1, 'NO'),
(543, 1, '619', 'Oviedo, Ana Marìa', '3583432004', 'oviedoanamariahaydee@gmail.com', 'NjE5', 5, 'Gregorio De Miguel 676', 2, 1, '10253212', 'I', 'SI', 2, 1, 'SI'),
(544, 1, '50', 'Armendàriz, Ana Laura', '3385408133', 'xxx', 'NTA=', 1, 'Gral. Roca 261', 1, 1, '32369045', 'I', 'SI', 2, 1, 'SI'),
(545, 1, '49', 'Càceres, Rita Tamara', '3385685035', 'ctamara059@gmail.com', 'NDk=', 5, 'Francisco Ferrero ', 2, 1, '33006898', 'I', 'SI', 2, 1, 'SI'),
(546, 1, '48', 'Guzmàm, Pablo Ignacio', '3385446400', 'xxx', 'NDg=', 4, 'Humberto Primo 418', 1, 1, '37440886', 'I', 'SI', 2, 1, 'SI'),
(547, 1, '46', 'Rìos Arrieta, Morena', '3385462779', 'xxx', 'NDY=', 4, 'Eva Peròn 727', 1, 1, '47924083', 'I', 'SI', 2, 1, 'SI'),
(548, 1, '44', 'ARce, Mìa Cristal', '1125287564', 'miacristalarce@gmail.com', 'NDQ=', NULL, '9 De Julio 210', 1, 1, '47833715', 'I', 'SI', 2, 1, 'SI'),
(549, 1, '42', 'Vèliz, Yolanda Analìa', '3385463315', 'xxx', 'NDI=', 1, 'Alberto Savìn 365', 1, 1, '29562525', 'I', 'SI', 2, 1, 'SI'),
(550, 1, '36', 'Oviedo, Valentina Lola', '00000', 'xxx', 'MzY=', NULL, 'Echeverrìa 580', 1, 1, '41185354', 'I', 'SI', 2, 1, 'SI');

-- --------------------------------------------------------

--
-- Estructura de tabla para la tabla `tiposocio`
--

DROP TABLE IF EXISTS `tiposocio`;
CREATE TABLE IF NOT EXISTS `tiposocio` (
  `id` int(11) NOT NULL AUTO_INCREMENT,
  `bibliotecaid` int(11) NOT NULL,
  `descripcion` varchar(100) COLLATE utf8_spanish_ci NOT NULL,
  `valorCuota` float NOT NULL,
  PRIMARY KEY (`id`)
) ENGINE=MyISAM AUTO_INCREMENT=3 DEFAULT CHARSET=utf8 COLLATE=utf8_spanish_ci;

--
-- Volcado de datos para la tabla `tiposocio`
--

INSERT INTO `tiposocio` (`id`, `bibliotecaid`, `descripcion`, `valorCuota`) VALUES
(1, 1, 'CUOTA FAMILIAR', 700),
(2, 1, 'CUOTA  FAMILIAR', 700);
COMMIT;

/*!40101 SET CHARACTER_SET_CLIENT=@OLD_CHARACTER_SET_CLIENT */;
/*!40101 SET CHARACTER_SET_RESULTS=@OLD_CHARACTER_SET_RESULTS */;
/*!40101 SET COLLATION_CONNECTION=@OLD_COLLATION_CONNECTION */;
